100 ,0.1626797096580267
101 ,300.16668514178696
boundary,300.66
102 ,300.7644154750891
103 ,600.7664092504568
boundary,601.259
104 ,601.3493343759719
105 ,601.3523418028299
106 ,601.3563349415008
109 ,601.3583365399782
DIN1,601.3759971575737
105 ,603.5603362638894
106 ,603.7633426059429
DIN1,603.7710052894354
109 ,603.8233402688447
105 ,606.2263346780483
106 ,606.4173414875213
DIN1,606.4239983426332
109 ,606.4773391504232
105 ,608.8793377895299
106 ,609.0703345407192
DIN1,609.0770014541149
109 ,609.1303422619048
105 ,611.4323414434139
106 ,611.620340826029
DIN1,611.6280035095215
109 ,611.6803384889308
105 ,614.0823371280376
106 ,614.2733338792268
DIN1,614.2809965627193
109 ,614.3333416004125
105 ,616.5353413243238
106 ,616.7203433383647
DIN1,616.7279959635734
109 ,616.7803410012666
105 ,619.1823396403734
108 ,619.3743422199432
DIN1,619.3809990750551
109 ,619.434339882845
105 ,621.6353438366596
106 ,621.8213416207973
DIN1,621.8279984759092
109 ,621.8813392836992
105 ,624.1823426951114
107 ,624.3713378478233
DIN1,624.3790005313158
109 ,624.4313355107251
105 ,626.8333341498319
106 ,627.0243409593049
DIN1,627.0309978144169
109 ,627.0843386222068
105 ,629.2863383461181
106 ,629.471340360159
DIN1,629.477997215271
109 ,629.5313380230609
105 ,631.83333720457
106 ,632.021336587185
DIN1,632.0280035005808
109 ,632.0813342500869
105 ,634.3833434898797
106 ,634.5723386425916
DIN1,634.5779997276068
109 ,634.6313405353967
105 ,636.9343354870025
108 ,637.1223348696176
DIN1,637.1290017830133
109 ,637.1823425908033
105 ,639.5833354015294
107 ,639.7753379810993
DIN1,639.782004894495
109 ,639.8353356440011
105 ,642.2373342831079
106 ,642.4283410925809
DIN1,642.4349979476929
109 ,642.4883387554828
105 ,644.8903373945896
106 ,645.0813341457788
DIN1,645.0880010591745
109 ,645.1413418669645
105 ,647.3443373609725
106 ,647.5283436049167
DIN1,647.5350004600286
109 ,647.5883412678186
105 ,649.9903399069253
106 ,650.1823424864951
DIN1,650.1880035715103
109 ,650.242340149397
105 ,652.643343018407
107 ,652.835335539693
DIN1,652.8420024530888
109 ,652.8953432608787
105 ,655.2963360716049
106 ,655.4883386511747
DIN1,655.4939997361898
109 ,655.5483363140766
105 ,657.9503349531833
106 ,658.1413417626563
DIN1,658.1470028476715
109 ,658.2013394255582
105 ,660.4043349195663
108 ,660.5883411635104
DIN1,660.5949980186224
109 ,660.6483388264123
105 ,663.0503374655191
106 ,663.2423400450889
DIN1,663.2480011301041
109 ,663.3023377079908
105 ,665.7033405770007
106 ,665.8953431565706
DIN1,665.9010042415857
109 ,665.9553408194724
105 ,668.1563347150031
106 ,668.3423425574247
DIN1,668.3480036424398
109 ,668.4023402203266
105 ,670.7033436317388
107 ,670.8923387844507
DIN1,670.8990056978464
109 ,670.9523364473525
105 ,673.3543350864593
106 ,673.5453418959323
DIN1,673.5510029809475
109 ,673.6053395588342
105 ,675.8073392827455
108 ,675.9923412967864
DIN1,675.9980023818016
109 ,676.0523389596883
105 ,678.3553339112941
106 ,678.543343352193
DIN1,678.5479986088276
109 ,678.6033410150949
105 ,680.8043349106256
106 ,680.9903427530471
DIN1,680.9949980096817
109 ,681.050340415949
105 ,683.2513343114797
106 ,683.4373421539012
DIN1,683.4419974105358
109 ,683.4973398168031
105 ,685.7993389983121
108 ,685.9873383809272
DIN1,685.9929994659424
109 ,686.0473360438291
105 ,688.2483399976436
106 ,688.4343377817813
DIN1,688.4390030966997
109 ,688.4943354446832
105 ,690.89633408379
106 ,691.087340893263
DIN1,691.0919961498976
109 ,691.1473385561649
105 ,693.5503430236522
107 ,693.7413397748414
DIN1,693.7460050897598
109 ,693.8013374377433
105 ,696.0033371616546
108 ,696.1883391756955
DIN1,696.1930044906139
109 ,696.2483368385974
105 ,698.5493402500097
107 ,698.7383354027215
DIN1,698.7430007176399
109 ,698.7983431239072
105 ,700.9993370194379
106 ,701.1853348035756
DIN1,701.190000118494
109 ,701.2453425247613
105 ,703.446336420292
106 ,703.6323342044298
DIN1,703.6369995193481
109 ,703.6923419256154
105 ,706.0943405647222
106 ,706.2853373159114
DIN1,706.2900026308298
109 ,706.3453349788133
105 ,708.7473436762039
107 ,708.9393361974899
DIN1,708.9440015124082
109 ,708.998338090295
105 ,711.4003367294017
106 ,711.5923393089715
DIN1,711.5959987955093
109 ,711.6523369718734
105 ,713.8543366957847
106 ,714.0393387098256
DIN1,714.0429981963634
109 ,714.0993363727275
105 ,716.4003397841398
107 ,716.5893349368516
DIN1,716.59400025177
109 ,716.6493426580373
105 ,718.8513423819486
106 ,719.0363343377057
DIN1,719.0400038825273
109 ,719.0963420588914
105 ,721.2983417828027
106 ,721.4833437968437
DIN1,721.4870032833815
109 ,721.5433414597455
105 ,723.8453406412546
106 ,724.0333400238696
DIN1,724.038005338788
109 ,724.0933376867715
105 ,726.4953363258783
108 ,726.6873389054481
DIN1,726.6909983919859
109 ,726.74733656835
105 ,728.9483405221645
106 ,729.1343383063022
DIN1,729.13799779284
109 ,729.1943359692041
105 ,731.3953399230186
106 ,731.5813377071563
DIN1,731.5849971936941
109 ,731.6413353700582
105 ,734.0433340091649
108 ,734.234340818638
DIN1,734.2380003051758
109 ,734.2943384815399
105 ,736.5963376630489
106 ,736.784337045664
DIN1,736.7879965322018
109 ,736.8443347085658
105 ,739.1463338900749
106 ,739.3343433309738
DIN1,739.3380028175116
109 ,739.3943409938756
105 ,741.5963407177869
107 ,741.7823385019246
DIN1,741.7859979884624
109 ,741.8423361648265
105 ,744.1433395762388
106 ,744.3323347289506
DIN1,744.3349984453916
109 ,744.3923424501363
105 ,746.6933358032647
106 ,746.8823410142604
DIN1,746.8850047307014
109 ,746.9423386771623
105 ,749.3433415461723
106 ,749.5353340674583
DIN1,749.5379977838993
109 ,749.595341788644
105 ,751.897340970153
106 ,752.0853403527681
DIN1,752.0889998393059
109 ,752.14533801567
105 ,754.5473366547767
106 ,754.7383434642497
DIN1,754.7420029507875
109 ,754.7983411271516
105 ,757.1003403086606
108 ,757.2893354613725
DIN1,757.2919991778135
109 ,757.3493431825582
105 ,759.6503365356866
106 ,759.8393417466823
DIN1,759.8420054631233
109 ,759.8993394095842
105 ,762.1003433633987
108 ,762.2863411475364
DIN1,762.2890048639774
109 ,762.3463388104383
105 ,764.6483379919473
106 ,764.8363373745624
DIN1,764.8390010910034
109 ,764.8963350374643
105 ,767.1983342189733
107 ,767.3863436598722
DIN1,767.39000314641
109 ,767.4463413227741
105 ,769.8483399618808
106 ,770.03933671307
DIN1,770.0420004295111
109 ,770.0993343759719
105 ,772.3013340998832
107 ,772.4873419423047
DIN1,772.4900056587458
109 ,772.5473396052066
105 ,774.8483430166189
106 ,775.0373381693307
DIN1,775.0389960573912
109 ,775.0973358322326
105 ,777.2993355561439
106 ,777.4843375701848
DIN1,777.4860055165291
109 ,777.5443352330867
105 ,779.746334956998
107 ,779.931336971039
DIN1,779.93400068748
109 ,779.9913346339408
105 ,782.2933338154498
106 ,782.4813432563487
DIN1,782.483996914506
109 ,782.5413409192506
105 ,784.9433395583574
106 ,785.1343363095466
DIN1,785.1370000259876
109 ,785.1943339724485
105 ,787.3973395247403
106 ,787.5823415387813
DIN1,787.5839994268417
109 ,787.6423392016832
105 ,789.8443389255945
106 ,790.0293409396354
DIN1,790.0309988276958
109 ,790.0893386025373
105 ,792.491337241644
108 ,792.6823339928333
DIN1,792.6840019391775
109 ,792.742341714019
105 ,795.044340895528
106 ,795.232340278143
DIN1,795.2339981662035
109 ,795.2923379410449
105 ,797.594337122554
108 ,797.782336505169
DIN1,797.7840044515133
109 ,797.8423341680709
105 ,800.1443434078637
107 ,800.3323427904788
DIN1,800.334996448636
109 ,800.3923404533807
105 ,802.6953354049865
106 ,802.8833347876016
DIN1,802.8839969055653
109 ,802.9433425087873
105 ,805.3443353195134
106 ,805.5363378990833
DIN1,805.5370000170469
109 ,805.5963355619851
105 ,807.7973395157996
108 ,807.9833372999374
DIN1,807.9850052462816
109 ,808.0433349628393
105 ,810.4453436602298
106 ,810.636340411419
DIN1,810.6379982994795
109 ,810.6963380743209
105 ,812.8983377982322
106 ,813.0833398122732
DIN1,813.0849977003336
109 ,813.143337475175
105 ,815.445336656684
106 ,815.6333360392991
DIN1,815.6350039856434
109 ,815.6933437604848
105 ,818.0953423995916
106 ,818.2873349208776
DIN1,818.2879970388412
109 ,818.3473426420633
105 ,820.548336537594
106 ,820.7343343217317
DIN1,820.7349964396954
109 ,820.7943420429174
105 ,823.0953353960458
108 ,823.2843406070415
DIN1,823.2850027250051
109 ,823.3443382699434
105 ,825.7463369090501
107 ,825.9373437185232
DIN1,825.9390016065836
109 ,825.997341381425
105 ,828.3993400205318
106 ,828.590336771721
DIN1,828.5909988896847
109 ,828.6503344346229
105 ,831.0533389021102
106 ,831.2433398832027
DIN1,831.2440020011663
109 ,831.3033375461046
105 ,833.6063425559942
107 ,833.7943419386093
DIN1,833.7950040565729
109 ,833.8543396015111
105 ,836.2553424705211
108 ,836.4473349918071
DIN1,836.4479971097708
109 ,836.5073427129928
105 ,838.908335523719
106 ,839.1003381032888
DIN1,839.1010002212524
109 ,839.1603357661907
105 ,841.5623344052974
106 ,841.7533412147704
DIN1,841.7540033327341
109 ,841.8133388776723
105 ,844.2163433451597
106 ,844.4063342679683
DIN1,844.406996385932
109 ,844.466341989154
105 ,846.768341170663
107 ,846.9573363233749
DIN1,846.9579984413385
109 ,847.0173339862768
105 ,849.2183379400913
DIN1,849.4040020720959
106 ,849.404335724229
109 ,849.4643434454147
105 ,851.666343169326
DIN1,851.85100147295
108 ,851.8513351250831
109 ,851.9113428462688
105 ,854.1123367417995
DIN1,854.2980008738041
106 ,854.2983345259372
109 ,854.3583422471229
105 ,856.5603419710342
DIN1,856.7450002746582
106 ,856.7453339267913
109 ,856.805341647977
105 ,859.0073413718883
DIN1,859.1919996755123
106 ,859.1923433859292
109 ,859.2523410488311
105 ,861.4543407727424
DIN1,861.6389990763664
106 ,861.6393427867833
109 ,861.6993404496852
105 ,864.0013396311942
DIN1,864.1890053616762
106 ,864.1903347839061
109 ,864.2503425050918
105 ,866.5513358582202
DIN1,866.739997358799
106 ,866.7403410692159
109 ,866.8003387321178
105 ,869.1023379136268
DIN1,869.2900036441088
107 ,869.2903372962419
109 ,869.3503349591438
105 ,871.651338370556
DIN1,871.8399998711348
106 ,871.8403435815517
109 ,871.9003412444536
105 ,874.1013351399843
DIN1,874.2869992719889
106 ,874.2873429824058
109 ,874.3473406453077
105 ,876.549340369219
DIN1,876.733998672843
108 ,876.7343423832599
109 ,876.7943400461618
105 ,878.9973355401698
DIN1,879.1809980736971
108 ,879.181341784114
109 ,879.2413394470159
105 ,881.5433386285249
DIN1,881.7310043590069
106 ,881.7323337812368
109 ,881.7923415024225
105 ,884.1943401415292
DIN1,884.3850032405853
107 ,884.3853368927184
109 ,884.4453345556203
105 ,886.8463374246303
DIN1,887.0370005236864
106 ,887.0383400042001
109 ,887.098337667102
105 ,889.400336848611
DIN1,889.5869967507124
106 ,889.5883362312261
109 ,889.648333894128
105 ,891.8503436763231
DIN1,892.0339961515665
106 ,892.0353356320802
109 ,892.0953433532659
105 ,894.4983377624694
DIN1,894.6880050914287
106 ,894.6893345136587
109 ,894.7493422348443
105 ,897.0503355879728
DIN1,897.2380013184547
106 ,897.2393407989684
109 ,897.2993384618703
105 ,899.5003424156848
DIN1,899.6850007193088
106 ,899.6863401998226
109 ,899.7463378627244
105 ,902.0473412741367
DIN1,902.2349969463348
106 ,902.2363364268485
109 ,902.2963340897504
105 ,904.5983433295432
DIN1,904.7850032316446
106 ,904.7863427121583
109 ,904.8463403750602
110 ,907.1473437864724
boundary,910.633
104 ,910.7103525846321
105 ,910.714345723303
106 ,910.7183489202578
109 ,910.7203505187351
DIN1,910.7440039875507
105 ,913.0223497002441
106 ,913.2083474843819
DIN1,913.2159982236624
109 ,913.2683552055676
105 ,915.6693480162937
106 ,915.8613505958635
DIN1,915.8699971052408
109 ,915.9213482587654
105 ,918.1233479826767
106 ,918.3083499967177
DIN1,918.3169965060949
109 ,918.3683476596195
105 ,920.7703462987263
106 ,920.9613531081993
DIN1,920.9699996175766
109 ,921.0213507711012
105 ,923.2233504950125
106 ,923.4083525090534
DIN1,923.4169990184307
109 ,923.4683501719553
105 ,925.7703493534643
108 ,925.95935456446
DIN1,925.9670053037405
109 ,926.0183463989813
105 ,928.2203461228926
108 ,928.4063539653141
DIN1,928.4140047045946
109 ,928.466351628216
105 ,930.867354497226
107 ,931.059347018512
DIN1,931.0680035861731
109 ,931.1193547396977
105 ,933.5203475504238
107 ,933.7123501299936
DIN1,933.7209966393709
109 ,933.7723477928955
105 ,936.0733512043078
106 ,936.2623463570196
DIN1,936.2699970963001
109 ,936.3223540782053
105 ,938.7243527173121
106 ,938.9153494685013
DIN1,938.9230002077818
109 ,938.9753471314032
105 ,941.3773457705099
106 ,941.5693483500797
DIN1,941.5769990893602
109 ,941.6293460129816
105 ,943.9303494243939
106 ,944.1193546353895
DIN1,944.12700537467
109 ,944.1793522982914
105 ,946.5803551673014
106 ,946.7723476885874
DIN1,946.7799984278679
109 ,946.8323554097731
105 ,949.1343545912821
106 ,949.3223539738972
DIN1,949.3300047131777
109 ,949.3823516367991
105 ,951.5853471308071
106 ,951.7693533747513
DIN1,951.7770041140318
109 ,951.8293510376532
105 ,954.0313507615645
106 ,954.2163527756054
DIN1,954.2240035148859
109 ,954.2763504385073
105 ,956.5783496200163
108 ,956.767354831012
DIN1,956.7739997419119
109 ,956.8263466655333
105 ,959.1283458470423
106 ,959.317351058038
DIN1,959.3239959689379
109 ,959.3773487209398
105 ,961.6783521323521
106 ,961.8673472850639
DIN1,961.8740022542477
109 ,961.9273550062496
105 ,964.1283489017803
106 ,964.314346685918
DIN1,964.3210016551018
109 ,964.3743544071037
105 ,966.7763530462105
106 ,966.9673497973997
DIN1,966.9740047665834
109 ,967.0273474603016
105 ,969.3293466418106
106 ,969.5173460244257
DIN1,969.5240009936094
109 ,969.5773537456114
105 ,971.7793534695227
106 ,971.9643554835636
DIN1,971.9719961645603
109 ,972.0243531464655
105 ,974.3263523279745
106 ,974.5153474806864
DIN1,974.5220024498701
109 ,974.5753552018721
105 ,976.9773538409788
107 ,977.168350592168
DIN1,977.1750055613518
109 ,977.2283482550699
105 ,979.4303479789812
106 ,979.6153499930222
DIN1,979.6220049622059
109 ,979.675347655924
105 ,982.0773462950308
108 ,982.2683531045038
DIN1,982.2749980154038
109 ,982.3283507674057
105 ,984.7303494065125
107 ,984.9213461577017
DIN1,984.9289968969822
109 ,984.9813538788874
105 ,987.3843482880909
106 ,987.5753550975639
DIN1,987.5810042383671
109 ,987.6353527604658
105 ,989.9363461135943
108 ,990.1253513245899
DIN1,990.1319962354899
109 ,990.1853489874918
105 ,992.5863518565018
106 ,992.7783544360716
DIN1,992.7840035768747
109 ,992.8383520989735
105 ,995.2403507380802
107 ,995.4313474892695
DIN1,995.4380024584532
109 ,995.4913552104551
105 ,997.7933543919642
108 ,997.9813537745792
DIN1,997.9879986854792
109 ,998.0413514374811
105 ,1000.4433500765879
106 ,1000.6353526561577
DIN1,1000.6410017969608
109 ,1000.6953503190596
105 ,1003.0963531880695
106 ,1003.2883557676394
DIN1,1003.2940049084425
109 ,1003.3483534305412
105 ,1005.6493467836697
106 ,1005.8383519946653
DIN1,1005.8440011354685
109 ,1005.8983496575672
105 ,1008.1993530689795
106 ,1008.3883482216913
DIN1,1008.3939973624945
109 ,1008.4483458845932
105 ,1010.6493498384077
106 ,1010.8353476225454
DIN1,1010.8409967633486
109 ,1010.8953553437311
105 ,1013.0973550676424
106 ,1013.2823470233996
DIN1,1013.2879961642027
109 ,1013.3423547445852
105 ,1015.7453491537888
107 ,1015.936345904978
DIN1,1015.942005104065
109 ,1015.9963536261637
105 ,1018.2983528076727
106 ,1018.4863521902878
DIN1,1018.4910055609942
109 ,1018.5463498531897
105 ,1020.7473538070042
107 ,1020.9333515911419
DIN1,1020.939000731945
109 ,1020.9933492540438
105 ,1023.2953484355528
106 ,1023.4833478181679
DIN1,1023.4880011888743
109 ,1023.5433555393536
105 ,1025.7453552632649
106 ,1025.930347219022
DIN1,1025.9359963598251
109 ,1025.9903549402077
105 ,1028.192354664119
108 ,1028.377346619876
DIN1,1028.383005818963
109 ,1028.4373543410618
105 ,1030.639354064973
106 ,1030.8243460207302
DIN1,1030.8300052198172
109 ,1030.884353741916
105 ,1033.087349235924
108 ,1033.272351249965
DIN1,1033.2770046206713
109 ,1033.3323489128668
105 ,1035.633352324279
106 ,1035.822347476991
DIN1,1035.8270008476973
109 ,1035.8823551981766
105 ,1038.0833490937073
106 ,1038.269346877845
DIN1,1038.2740002485514
109 ,1038.3293545990307
105 ,1040.7313532381374
107 ,1040.9223499893267
DIN1,1040.9279991301298
109 ,1040.9823476522286
105 ,1043.3843462913353
106 ,1043.5753531008083
DIN1,1043.579996413231
109 ,1043.6353507637102
105 ,1046.037349402817
106 ,1046.2283461540062
DIN1,1046.2329995247126
109 ,1046.288353875192
105 ,1048.6903525142986
106 ,1048.8823550938685
DIN1,1048.8860026361942
109 ,1048.9423527567703
105 ,1051.143346652301
107 ,1051.3293544947226
DIN1,1051.3339978071451
109 ,1051.3893521576244
105 ,1053.6913513391335
106 ,1053.8793507217486
DIN1,1053.884004092455
109 ,1053.9393483846504
105 ,1056.1413481085617
106 ,1056.3263501226027
DIN1,1056.331003493309
109 ,1056.3863477855045
105 ,1058.7883464246113
108 ,1058.9793532340843
DIN1,1058.983996546507
109 ,1059.0393508969862
105 ,1061.441349536093
106 ,1061.6323462872822
DIN1,1061.6369996579886
109 ,1061.6923540084679
105 ,1063.994353189977
107 ,1064.1833483426888
DIN1,1064.1880017133951
109 ,1064.2433460055906
105 ,1066.6443488746006
106 ,1066.8363514541704
DIN1,1066.8399989964962
109 ,1066.8963491170723
105 ,1069.0983488409836
106 ,1069.2833508550245
DIN1,1069.2869983973503
109 ,1069.3433485179264
105 ,1071.7453471570332
108 ,1071.9363539665062
DIN1,1071.9409972789288
109 ,1071.996351629408
105 ,1074.1973555832226
106 ,1074.3833533673603
DIN1,1074.387000909686
109 ,1074.4433510302622
105 ,1076.6453507541735
106 ,1076.8303527682144
DIN1,1076.8340003105402
109 ,1076.8903504311163
105 ,1079.0933459251244
106 ,1079.2783479391653
DIN1,1079.2809997113943
109 ,1079.338355660351
105 ,1081.6393490134794
106 ,1081.828354224475
DIN1,1081.8309959384203
109 ,1081.888351887377
105 ,1084.289354756387
106 ,1084.481347277673
DIN1,1084.4850048782826
109 ,1084.5413549988587
105 ,1086.74335472277
106 ,1086.928346678527
DIN1,1086.9320042791367
109 ,1086.9883543997128
105 ,1089.2903535812218
107 ,1089.4783529638369
DIN1,1089.4820005061626
109 ,1089.5383506267387
105 ,1091.8403498082478
106 ,1092.0283491908629
DIN1,1092.0319967331886
109 ,1092.0883468537647
105 ,1094.3903460352738
107 ,1094.5793512462694
DIN1,1094.5829987885952
109 ,1094.6393489091713
105 ,1097.041347548278
108 ,1097.232354357751
DIN1,1097.2349960716963
109 ,1097.292352020653
105 ,1099.5933554320652
106 ,1099.782350584777
DIN1,1099.785002357006
109 ,1099.842348247679
105 ,1102.243351116689
106 ,1102.4353536962587
DIN1,1102.4380054684877
109 ,1102.4953513591606
105 ,1104.6993526815493
108 ,1104.8823530971129
DIN1,1104.8860006394386
109 ,1104.9423507600147
105 ,1107.2443499415238
106 ,1107.4323493241388
DIN1,1107.4350010963678
109 ,1107.4923469870407
105 ,1109.7943461685497
106 ,1109.9833513795454
DIN1,1109.9849973233938
109 ,1110.0433490424473
105 ,1112.4443519114573
106 ,1112.636354491027
DIN1,1112.6389962049723
109 ,1112.696352153929
105 ,1114.9973555653412
107 ,1115.186350718053
DIN1,1115.189002490282
109 ,1115.246348380955
105 ,1117.647351249965
106 ,1117.8393538295347
DIN1,1117.8420056017637
109 ,1117.8993514924366
105 ,1120.2013506739456
106 ,1120.3893500565607
DIN1,1120.3920018287897
109 ,1120.4493477194626
105 ,1122.7513469009716
106 ,1122.9393462835867
DIN1,1122.9419980558157
109 ,1122.9993540047724
105 ,1125.2013537286837
106 ,1125.3873515128214
DIN1,1125.3889974566698
109 ,1125.4473491757233
105 ,1127.6493488996346
107 ,1127.8343509136755
DIN1,1127.8370026859045
109 ,1127.8943485765774
105 ,1130.2953514455874
106 ,1130.4873540251572
DIN1,1130.4889999690056
109 ,1130.547351688059
105 ,1132.7493514119703
106 ,1132.9343534260113
DIN1,1132.9359993698597
109 ,1132.9943510889132
105 ,1135.39634972802
108 ,1135.5873464792091
DIN1,1135.5899982514381
109 ,1135.6473542003948
105 ,1138.0493528395016
108 ,1138.2413554190714
DIN1,1138.2430013629198
109 ,1138.3003472535927
105 ,1140.502346977504
106 ,1140.6883548199255
DIN1,1140.690000763774
109 ,1140.7483524828274
105 ,1143.0493458359558
106 ,1143.2383510469515
DIN1,1143.2399969908
109 ,1143.2983487098534
105 ,1145.7003473489601
106 ,1145.8913541584332
DIN1,1145.8930001022816
109 ,1145.951351821335
105 ,1148.253351002844
106 ,1148.4413503854591
DIN1,1148.4429963293076
109 ,1148.501348048361
105 ,1150.7033477722723
108 ,1150.8883497863133
DIN1,1150.8900057884455
109 ,1150.9483474492151
105 ,1153.1503471731264
106 ,1153.3353491871674
DIN1,1153.3370051892996
109 ,1153.3953468500692
105 ,1155.7983513175566
107 ,1155.9893480687458
DIN1,1155.991004070878
109 ,1156.0493457316477
105 ,1158.2503496854622
107 ,1158.4363474696
DIN1,1158.4380034717321
109 ,1158.4963551907856
105 ,1160.7983543722946
106 ,1160.9863537549097
DIN1,1160.9870039286614
109 ,1161.0463514178116
105 ,1163.3483505993206
106 ,1163.5363499819357
DIN1,1163.5370001556873
109 ,1163.5963476448376
105 ,1165.8973510562498
108 ,1166.0863462089617
DIN1,1166.088002211094
109 ,1166.1463539301474
105 ,1168.5483525692541
106 ,1168.7393493204434
DIN1,1168.7410053225756
109 ,1168.7993469833452
105 ,1171.0013467072565
106 ,1171.187354549678
DIN1,1171.1880047234297
109 ,1171.24735221258
105 ,1173.4483461081106
106 ,1173.6343539505322
DIN1,1173.6350041242838
109 ,1173.694351613434
105 ,1175.9953550248463
108 ,1176.1843501775581
DIN1,1176.1850003513098
109 ,1176.24434784046
105 ,1178.546347021969
108 ,1178.7343464045841
DIN1,1178.7349965783358
109 ,1178.7943541257698
105 ,1181.0963533072788
107 ,1181.284352689894
DIN1,1181.2859986337423
109 ,1181.3443503527958
105 ,1183.7463489919026
106 ,1183.9373457430918
DIN1,1183.9379959168434
109 ,1183.9973534642775
105 ,1186.2993526457865
107 ,1186.4883477984984
DIN1,1186.48899797225
109 ,1186.548355519684
105 ,1188.7493494152147
DIN1,1188.9350016030073
106 ,1188.9353471993525
109 ,1188.9953549205381
105 ,1191.1973546444494
DIN1,1191.3820010038614
106 ,1191.3823466002066
109 ,1191.4423543213923
105 ,1193.643348216923
DIN1,1193.8290004047155
106 ,1193.8293460010607
109 ,1193.8893537222464
105 ,1196.2913523613531
DIN1,1196.4820035161972
106 ,1196.4823491125424
109 ,1196.5423467754442
105 ,1198.9453512429316
106 ,1199.135352224024
DIN1,1199.1360023977757
109 ,1199.195349886926
105 ,1201.3973496108372
DIN1,1201.5830017986298
106 ,1201.583347394975
109 ,1201.6433551161606
105 ,1204.0443479268868
DIN1,1204.2360049101114
106 ,1204.2363505064566
109 ,1204.2963481693585
105 ,1206.4983478932697
DIN1,1206.6830043109655
106 ,1206.6833499073107
109 ,1206.7433475702126
105 ,1208.9453472941238
DIN1,1209.1300037118197
106 ,1209.1303493081648
109 ,1209.1903469710667
105 ,1211.392346694978
DIN1,1211.5770031126738
106 ,1211.577348709019
109 ,1211.6373463719208
105 ,1213.9393556117136
DIN1,1214.1269993396998
106 ,1214.1273549943287
109 ,1214.1873526572306
110 ,1216.488346010359
boundary,1218.107
119 ,1218.2158030993753
666 ,1219.7288003243023
666 ,1281.728795958262
666 ,1371.7288006521278
666 ,1412.7287995494419
666 ,1505.7287980295234
120 ,1518.2188027031236
boundary,1518.706
121 ,1518.8058277561795
666 ,1523.318828825606
666 ,1587.318833728088
666 ,1686.318829838885
666 ,1705.318837423576
666 ,1761.3188354268204
122 ,1818.807831589831
boundary,1819.292
123 ,1819.3754706045258
124 ,1819.3784780313838
125 ,1819.3824711700547
128 ,1819.3834769984353
DIN1,1819.4039985691309
124 ,1821.6854761799443
125 ,1821.8694723656047
DIN1,1821.8760028635263
128 ,1821.9294800867904
124 ,1824.1314798107016
125 ,1824.3164717664588
DIN1,1824.3230022643804
128 ,1824.3764794876445
124 ,1826.6784786691535
125 ,1826.8664780517686
DIN1,1826.874004319787
128 ,1826.9264757146705
124 ,1829.2284748961795
125 ,1829.4164742787946
DIN1,1829.424000546813
128 ,1829.4764719416964
124 ,1831.6784716656077
125 ,1831.8634736796487
DIN1,1831.870999947667
128 ,1831.9234713425506
124 ,1834.1254710664618
125 ,1834.3104730805028
DIN1,1834.3179993485212
128 ,1834.3704707434047
124 ,1836.6724799831975
127 ,1836.8614751359094
DIN1,1836.868005633831
128 ,1836.9214727988112
124 ,1839.1224767526257
125 ,1839.3084745367635
DIN1,1839.315005034685
128 ,1839.3684721996653
124 ,1841.6694756110776
125 ,1841.8584707637895
DIN1,1841.865001261711
128 ,1841.9184784849751
666 ,1844.3294792880881
124 ,1847.3314746727813
125 ,1847.5254788508284
DIN1,1847.5319992904663
128 ,1847.5854765137303
124 ,1849.7874762376416
125 ,1849.9724782516826
DIN1,1849.9789986913204
128 ,1850.0324759145844
124 ,1852.4344745536912
125 ,1852.6254713048804
DIN1,1852.632001802802
128 ,1852.685479026066
124 ,1855.0884734352696
126 ,1855.278474416362
DIN1,1855.2860006843805
128 ,1855.338472079264
124 ,1857.6414770891536
126 ,1857.8294764717687
DIN1,1857.8359969114065
128 ,1857.8894741346705
124 ,1860.090478088485
125 ,1860.2764758726228
DIN1,1860.2820005421638
128 ,1860.3364735355246
124 ,1862.7374764045346
125 ,1862.9294789841044
DIN1,1862.9350036536455
128 ,1862.9894766470063
124 ,1865.2914758285153
127 ,1865.4794752111304
DIN1,1865.486005709052
128 ,1865.5394728740323
124 ,1867.9404757430423
125 ,1868.132478322612
DIN1,1868.13899876225
128 ,1868.192475985514
666 ,1870.6044725587237
124 ,1873.6064780017007
125 ,1873.7994763513673
DIN1,1873.8050010209083
128 ,1873.8594740142692
124 ,1876.261472653376
125 ,1876.4534752329457
DIN1,1876.4589999024868
128 ,1876.5134728958476
124 ,1878.9154715349543
125 ,1879.1064783444274
DIN1,1879.1120030139684
128 ,1879.1664760073293
124 ,1881.4674794187415
127 ,1881.6564745714534
DIN1,1881.6619992409944
128 ,1881.7164722343553
124 ,1883.9174761881698
125 ,1884.1034739723075
DIN1,1884.1089986418485
128 ,1884.1634716352094
124 ,1886.3654713591206
125 ,1886.5504733731616
DIN1,1886.5559980427026
128 ,1886.6104710360635
124 ,1889.012479733454
126 ,1889.2034764846433
DIN1,1889.209996924281
128 ,1889.2634741475451
124 ,1891.4654738714564
125 ,1891.6504758854974
DIN1,1891.6560005550384
128 ,1891.7104735483992
124 ,1894.112472187506
125 ,1894.3044747670758
DIN1,1894.30900366652
128 ,1894.3644724299777
124 ,1896.566472153889
127 ,1896.75147416793
DIN1,1896.756998837471
128 ,1896.8114718308318
666 ,1899.122473176347
124 ,1902.124478619324
126 ,1902.3154753705132
DIN1,1902.3210000400543
128 ,1902.3754730334151
124 ,1904.6774722149241
125 ,1904.8654715975392
DIN1,1904.8700004969835
128 ,1904.925479318725
124 ,1907.3274779578317
127 ,1907.518474709021
DIN1,1907.523999378562
128 ,1907.5784723719228
124 ,1909.98147683941
125 ,1910.1714778205026
DIN1,1910.175996661663
128 ,1910.2314754834044
124 ,1912.4334752073157
127 ,1912.6194729914534
DIN1,1912.6240018908977
128 ,1912.6794706543553
124 ,1915.0804735233653
126 ,1915.2724761029351
DIN1,1915.2770050023794
128 ,1915.332473765837
124 ,1917.5334777196515
125 ,1917.7194755037892
DIN1,1917.7240044032335
128 ,1917.779473166691
124 ,1920.180476035701
125 ,1920.372478615271
DIN1,1920.3769974564314
128 ,1920.4324762781728
124 ,1922.6334802319873
125 ,1922.819478016125
DIN1,1922.8239968572855
128 ,1922.8794756790269
666 ,1925.191472794639
124 ,1928.1934782376159
125 ,1928.3834792187083
DIN1,1928.3879980598688
128 ,1928.4434768816102
124 ,1930.845475520717
125 ,1931.0364722719062
DIN1,1931.0410011713504
128 ,1931.0964799930919
124 ,1933.4984786321986
125 ,1933.6904711534846
DIN1,1933.694004282832
128 ,1933.7504788746703
124 ,1936.0514722277987
126 ,1936.2404774387944
DIN1,1936.2449962799549
128 ,1936.3004751016963
124 ,1938.5024748256076
125 ,1938.6874768396485
DIN1,1938.6909999107122
128 ,1938.7474745025504
124 ,1941.1494731416572
125 ,1941.3404799511302
DIN1,1941.3440030221939
128 ,1941.400477614032
124 ,1943.6014715095628
125 ,1943.7874793519843
DIN1,1943.791002423048
128 ,1943.8474770148862
666 ,1946.0594746729005
124 ,1949.0614801158774
125 ,1949.248473670112
DIN1,1949.2519967411756
128 ,1949.3084713330138
124 ,1951.6104705145228
125 ,1951.7984799554217
DIN1,1951.8020030264854
128 ,1951.8584776183236
124 ,1954.060477342235
127 ,1954.2464751263726
DIN1,1954.2499981974363
128 ,1954.3054770191777
124 ,1956.7074756582845
125 ,1956.8994782378543
DIN1,1956.9020055388212
128 ,1956.9594759007562
124 ,1959.2604793121684
125 ,1959.4494744648803
DIN1,1959.4520017658472
128 ,1959.5094721277821
124 ,1961.7104760815967
126 ,1961.8964738657344
DIN1,1961.899996936798
128 ,1961.9564715286363
124 ,1964.2584707101453
125 ,1964.4464801510442
DIN1,1964.4500032221079
128 ,1964.506477813946
124 ,1966.808476995455
126 ,1966.9964763780702
DIN1,1966.9999994491338
128 ,1967.056474040972
124 ,1969.259479593264
127 ,1969.4434757789243
DIN1,1969.446998849988
128 ,1969.5034734418261
124 ,1971.7054731657374
127 ,1971.8914709498752
DIN1,1971.893998250842
128 ,1971.9514786710608
124 ,1974.2534778525699
126 ,1974.441477235185
DIN1,1974.4450003062486
128 ,1974.5014748980868
124 ,1976.802478309499
127 ,1976.991473462211
DIN1,1976.9940007631778
128 ,1977.0514711251128
124 ,1979.352474536525
125 ,1979.5414797475207
DIN1,1979.5439969902038
128 ,1979.6014774104226
666 ,1981.9124787559379
124 ,1984.914474140631
125 ,1985.1054708918202
DIN1,1985.1079981927871
128 ,1985.165478613006
124 ,1987.5674772521127
126 ,1987.758474003302
DIN1,1987.7619970743656
128 ,1987.8184716662038
124 ,1990.0214772184956
125 ,1990.205473404156
DIN1,1990.208000705123
128 ,1990.265471067058
124 ,1992.6674797644484
125 ,1992.8594722857345
DIN1,1992.8610038166046
128 ,1992.9194800069201
124 ,1995.1204739024508
125 ,1995.3064716865886
DIN1,1995.3080032174587
128 ,1995.3664794077742
124 ,1997.768478046881
125 ,1997.9594747980702
DIN1,1997.9609962706566
128 ,1998.019472460972
124 ,2000.4214711000789
125 ,2000.612477909552
DIN1,2000.6139993821382
128 ,2000.6724755724538
666 ,2002.983476917969
124 ,2005.9854723026622
125 ,2006.1764791121352
DIN1,2006.1780005847215
128 ,2006.236476775037
124 ,2008.6384754141438
125 ,2008.829472165333
DIN1,2008.8310036962032
128 ,2008.8894798865188
124 ,2011.2914785256255
125 ,2011.4834710469115
DIN1,2011.4850025777816
128 ,2011.5434787680972
124 ,2013.8444721212256
125 ,2014.0334773322213
DIN1,2014.0349988048076
128 ,2014.0934749951232
124 ,2016.3944784065354
125 ,2016.5834735592473
DIN1,2016.5850050901174
128 ,2016.6434712221492
124 ,2018.9444746335614
125 ,2019.133479844557
DIN1,2019.1350013171434
128 ,2019.193477507459
666 ,2021.6054740806687
124 ,2024.6074795236457
125 ,2024.8004778733123
DIN1,2024.8019993458986
128 ,2024.8604755362142
124 ,2027.0624752601254
127 ,2027.2474772741664
DIN1,2027.2489987467527
128 ,2027.3074749370683
124 ,2029.709473576175
125 ,2029.9004703273642
DIN1,2029.9020018582344
128 ,2029.96047804855
124 ,2032.262477230059
126 ,2032.4514723827708
DIN1,2032.453003913641
128 ,2032.5114801039565
124 ,2034.7124739994872
125 ,2034.898471783625
DIN1,2034.8989974861145
128 ,2034.9584795048106
124 ,2037.3594723155368
127 ,2037.5514748951066
DIN1,2037.5520005975961
128 ,2037.6114725580085
124 ,2039.812476511823
126 ,2039.9984742959607
DIN1,2040.0000058268308
128 ,2040.0584719588626
124 ,2042.2604716827739
125 ,2042.4454736968148
DIN1,2042.4459993993044
128 ,2042.5054713597167
124 ,2044.9074800571073
125 ,2045.0984768082965
DIN1,2045.099002510786
128 ,2045.1584744711984
124 ,2047.560473110305
126 ,2047.752475689875
DIN1,2047.7530013923645
128 ,2047.8124733527768
124 ,2050.1134767641893
126 ,2050.302471916901
DIN1,2050.3029976193907
128 ,2050.362479638087
124 ,2052.763472448813
125 ,2052.955475028383
DIN1,2052.9560007308723
128 ,2053.0154726912847
124 ,2055.316476102697
125 ,2055.505471255409
DIN1,2055.5059969578983
128 ,2055.5654789765945
124 ,2057.7674787005058
125 ,2057.952470656263
DIN1,2057.9529963587524
128 ,2058.0124783774486
124 ,2060.4144770165553
125 ,2060.6054737677446
DIN1,2060.605999470234
128 ,2060.6654714306464
124 ,2063.067480128037
DIN1,2063.259002581716
125 ,2063.259472649323
128 ,2063.319470312225
124 ,2065.720473181235
127 ,2065.9124757608047
DIN1,2065.913001463294
128 ,2065.9724734237066
124 ,2068.273476835119
127 ,2068.4624719878307
DIN1,2068.46299769032
128 ,2068.5224797090164
124 ,2070.924478348123
DIN1,2071.115005031705
125 ,2071.1154750993123
128 ,2071.175472762214
666 ,2073.587479393708
124 ,2076.588479008304
DIN1,2076.7820030604603
125 ,2076.7824731280675
128 ,2076.8424707909694
124 ,2079.0454763432613
126 ,2079.2294725289216
DIN1,2079.229998231411
128 ,2079.2894802501073
124 ,2081.691478889214
DIN1,2081.882005572796
125 ,2081.8834714105
128 ,2081.9434791316858
124 ,2084.244472484814
DIN1,2084.432997569919
127 ,2084.43347769581
128 ,2084.4934753587117
124 ,2086.794478770124
DIN1,2086.9830038552286
125 ,2086.983473922836
128 ,2087.0434715857377
124 ,2089.245471309649
DIN1,2089.4300032560827
125 ,2089.43047332369
128 ,2089.490470986592
124 ,2091.7924802263847
DIN1,2091.9799994831087
125 ,2091.9804796089998
128 ,2092.0404772719016
124 ,2094.4424759110084
DIN1,2094.6330025945904
127 ,2094.6334726621976
128 ,2094.6934703250995
124 ,2096.8954801072946
DIN1,2097.0800019954445
125 ,2097.0814778914323
128 ,2097.141475554334
124 ,2099.4424789657464
DIN1,2099.6299982224705
125 ,2099.6314741184583
128 ,2099.69147178136
666 ,2101.9024736692777
124 ,2104.9044791122546
DIN1,2105.091002598882
125 ,2105.0924784948697
128 ,2105.1524761577716
124 ,2107.354475881683
DIN1,2107.538997769833
126 ,2107.539477895724
128 ,2107.5994755586257
124 ,2109.900478970038
DIN1,2110.0890040551426
126 ,2110.08947412275
128 ,2110.1494717856517
124 ,2112.351471509563
DIN1,2112.534997627616
125 ,2112.536473523604
128 ,2112.596471186506
124 ,2114.9984798838964
DIN1,2115.1889965091946
127 ,2115.1894766350856
128 ,2115.2494742979875
124 ,2117.5514734794965
DIN1,2117.7390027945044
127 ,2117.740478690492
128 ,2117.800476353394
124 ,2120.1014797648063
DIN1,2120.2889990215303
126 ,2120.290474917518
128 ,2120.35047258042
124 ,2122.652471761929
DIN1,2122.8379994784596
125 ,2122.840471144544
128 ,2122.90047886573
124 ,2125.1014727612605
DIN1,2125.2860047076942
125 ,2125.2874705453983
128 ,2125.347478266584
124 ,2127.74847107731
DIN1,2127.938997760892
125 ,2127.94047365688
128 ,2128.000471319782
124 ,2130.302470501291
DIN1,2130.489004046202
125 ,2130.4904799421897
128 ,2130.5504776050916
124 ,2132.752477329003
DIN1,2132.936003447056
125 ,2132.9384751131406
128 ,2132.9974770059457
124 ,2135.3004719575515
DIN1,2135.485999674082
125 ,2135.4884713401666
128 ,2135.5484790613523
124 ,2137.749472956883
DIN1,2137.932999074936
125 ,2137.9354707410207
128 ,2137.9954784622064
124 ,2140.2974776437154
DIN1,2140.483005360246
125 ,2140.4854770263305
128 ,2140.5454746892324
124 ,2142.746478643047
DIN1,2142.9300047611
125 ,2142.9324764271846
128 ,2142.9924740900865
124 ,2145.194473813998
DIN1,2145.377004161954
125 ,2145.3794758280387
128 ,2145.4394734909406
124 ,2147.7414726724496
DIN1,2147.92700038898
125 ,2147.9294720550647
128 ,2147.9894797762504
124 ,2150.391478415357
DIN1,2150.5800035004618
125 ,2150.583470936643
128 ,2150.643478657829
124 ,2152.8444725533595
DIN1,2153.027002901316
125 ,2153.0304703374973
128 ,2153.090478058683
129 ,2155.2924777825942
boundary,2157.022
123 ,2157.1203112134913
124 ,2157.124304352162
125 ,2157.1293033192137
128 ,2157.131304917691
DIN1,2157.152996706843
124 ,2159.4333040992
125 ,2159.618306113241
DIN1,2159.6259967713354
128 ,2159.678303776143
666 ,2161.9913067201355
124 ,2164.9933021048287
125 ,2165.1823073158243
DIN1,2165.1899979739187
128 ,2165.242304978726
124 ,2167.6453094462136
125 ,2167.836306197403
DIN1,2167.8430010854004
128 ,2167.8963038603047
124 ,2170.2983024994114
125 ,2170.4893093088845
DIN1,2170.496004196882
128 ,2170.5493069717863
124 ,2172.9523114392737
125 ,2173.1423023620823
DIN1,2173.14899725008
128 ,2173.202310083268
124 ,2175.6043087223748
126 ,2175.795305473564
DIN1,2175.8029961316583
128 ,2175.855303136466
124 ,2178.057302860377
125 ,2178.242304874418
DIN1,2178.2489997624157
128 ,2178.30230253732
124 ,2180.604301718829
125 ,2180.7933069298247
DIN1,2180.7989959894417
128 ,2180.8533045927265
124 ,2183.154308004139
125 ,2183.3433031568507
DIN1,2183.3490022747515
128 ,2183.4033108780363
124 ,2185.7043042311648
127 ,2185.8933094421604
DIN1,2185.900004330158
128 ,2185.9533071050623
124 ,2188.2553062865713
125 ,2188.4433056691864
DIN1,2188.450000557184
128 ,2188.5033033320883
124 ,2190.9043062010983
125 ,2191.096308780668
DIN1,2191.1030036686657
128 ,2191.15630644357
666 ,2193.5683030167797
124 ,2196.5703084597567
126 ,2196.7633068094233
DIN1,2196.770001697421
128 ,2196.823304472325
124 ,2199.225303111432
125 ,2199.4173056910017
DIN1,2199.4230048089025
128 ,2199.4773033539036
124 ,2201.7793025354126
125 ,2201.9673019180277
DIN1,2201.9730010359285
128 ,2202.0273096392134
124 ,2204.228303534744
125 ,2204.4143113771656
DIN1,2204.4200004367826
128 ,2204.4743090400675
124 ,2206.675302935598
127 ,2206.8613107780197
DIN1,2206.8669998376367
128 ,2206.9213084409216
124 ,2209.3233070800284
125 ,2209.5143038312176
DIN1,2209.5200029491184
128 ,2209.5743115524033
124 ,2211.7763112763146
125 ,2211.9613032320717
DIN1,2211.9670023499725
128 ,2212.0213109532574
124 ,2214.2233106771687
127 ,2214.408302632926
DIN1,2214.4140017508266
128 ,2214.4683103541115
124 ,2216.7703095356205
125 ,2216.9593046883324
DIN1,2216.9639979778526
128 ,2217.0193023512343
124 ,2219.421311048625
126 ,2219.612307799814
DIN1,2219.617996859431
128 ,2219.672305462716
124 ,2222.073308331726
125 ,2222.2653109112957
DIN1,2222.270004200816
128 ,2222.3253085741976
124 ,2224.7273072133044
125 ,2224.9183039644936
DIN1,2224.9240030823944
128 ,2224.9783016273955
124 ,2227.2803108671883
125 ,2227.4683102498034
DIN1,2227.4739993094204
128 ,2227.5283079127053
124 ,2229.931302321909
127 ,2230.122309131382
DIN1,2230.127002420902
128 ,2230.1823067942837
124 ,2232.4843059757927
126 ,2232.672305358408
DIN1,2232.6780044763086
128 ,2232.7323030213097
666 ,2235.043304366825
124 ,2238.045309809802
125 ,2238.236306560991
DIN1,2238.2409998505113
128 ,2238.296304223893
124 ,2240.598303405402
125 ,2240.786302788017
DIN1,2240.7909960775373
128 ,2240.846310509203
124 ,2243.148309690712
126 ,2243.336309073327
DIN1,2243.341998132944
128 ,2243.396306736229
124 ,2245.698305917738
125 ,2245.886305300353
DIN1,2245.890998589873
128 ,2245.9463029632548
124 ,2248.3483016023615
126 ,2248.5393084118346
DIN1,2248.5449974714516
128 ,2248.5993060747364
124 ,2251.0023105422238
125 ,2251.193307293413
DIN1,2251.1970048128364
128 ,2251.253304956315
124 ,2253.4543089101294
125 ,2253.640306694267
DIN1,2253.6440042136906
128 ,2253.700304357169
666 ,2256.111305160282
124 ,2259.113310603259
125 ,2259.3073047230223
DIN1,2259.3110022424457
128 ,2259.367302385924
124 ,2261.669311625717
125 ,2261.857311008332
DIN1,2261.8609984694717
128 ,2261.917308671234
124 ,2264.219307852743
125 ,2264.407307235358
DIN1,2264.4110047547815
128 ,2264.46730489826
124 ,2266.7703099081496
127 ,2266.957303462384
DIN1,2266.9619967519043
128 ,2267.0173111835697
124 ,2269.219310907481
127 ,2269.404302863238
DIN1,2269.4089961527584
128 ,2269.464310584424
124 ,2271.667306078432
125 ,2271.852308092473
DIN1,2271.8560056118963
128 ,2271.9123057553747
124 ,2274.213309166787
125 ,2274.402304319499
DIN1,2274.4060018389223
128 ,2274.4623019824007
666 ,2276.773303327916
124 ,2279.775308770893
125 ,2279.966305522082
DIN1,2279.968997213125
128 ,2280.026303184984
124 ,2282.427306053994
125 ,2282.619308633564
DIN1,2282.6229960947035
128 ,2282.6793062964657
124 ,2284.9813054779747
125 ,2285.16930486059
DIN1,2285.1730023800133
128 ,2285.2293025234917
124 ,2287.431302247403
127 ,2287.616304261444
DIN1,2287.6200017808674
128 ,2287.676301924346
124 ,2289.878301648257
125 ,2290.063303662298
DIN1,2290.0670011817215
128 ,2290.1233113834837
124 ,2292.326306877492
126 ,2292.5113088915327
DIN1,2292.5149963526724
128 ,2292.570310784338
124 ,2294.772310508249
127 ,2294.958308292387
DIN1,2294.9609999834297
128 ,2295.0183059552887
124 ,2297.319309366701
126 ,2297.508304519413
DIN1,2297.5120020388363
128 ,2297.5683021823147
666 ,2299.7793040702322
124 ,2302.781309513209
125 ,2302.9693088958243
DIN1,2302.972000586867
128 ,2303.029306558726
124 ,2305.2303105125407
125 ,2305.4163082966784
DIN1,2305.4189999877212
128 ,2305.4763059595803
124 ,2307.8773088285902
125 ,2308.06931140816
DIN1,2308.072003099203
128 ,2308.129309071062
124 ,2310.431308252571
125 ,2310.619307635186
DIN1,2310.621999326229
128 ,2310.679305298088
124 ,2312.88231085038
125 ,2313.06630703604
DIN1,2313.068998727083
128 ,2313.126304698942
124 ,2315.428303880451
127 ,2315.6173090914467
DIN1,2315.619005012393
128 ,2315.6773067543486
124 ,2317.878310708163
125 ,2318.064308492301
DIN1,2318.066004413247
128 ,2318.1243061552027
124 ,2320.4263053367117
126 ,2320.614304719327
DIN1,2320.6169964103697
128 ,2320.6743023822287
124 ,2322.87630210614
126 ,2323.061304120181
DIN1,2323.0640058695076
128 ,2323.121301783083
124 ,2325.4233110228756
125 ,2325.6113104054907
DIN1,2325.612996268153
128 ,2325.6713080683926
124 ,2327.8743035624007
125 ,2328.058309806345
DIN1,2328.0610014973877
128 ,2328.1183074692467
124 ,2330.5203061083535
127 ,2330.7113028595427
DIN1,2330.7140046088693
128 ,2330.7713105807284
124 ,2333.173309219835
125 ,2333.365301741121
DIN1,2333.366997662067
128 ,2333.425309462307
124 ,2335.8283038715103
125 ,2336.018304852603
DIN1,2336.020000773549
128 ,2336.0783025155047
124 ,2338.280302239416
125 ,2338.465304253457
DIN1,2338.467000174403
128 ,2338.525301916359
124 ,2340.8273111561516
125 ,2341.0153105387667
DIN1,2341.016996401429
128 ,2341.0753082016686
124 ,2343.27730792558
125 ,2343.462309939621
DIN1,2343.464005860567
128 ,2343.5223076025227
124 ,2345.8243067840317
126 ,2346.012306166647
DIN1,2346.0149978576897
128 ,2346.0723038295487
124 ,2348.4743024686554
125 ,2348.6663050482252
DIN1,2348.6670051990745
128 ,2348.726302711127
124 ,2350.9273066649416
126 ,2351.1133044490794
DIN1,2351.1150003700254
128 ,2351.1733021119812
124 ,2353.574304980991
127 ,2353.766307560561
DIN1,2353.768003481507
128 ,2353.826305223463
124 ,2356.128304404972
125 ,2356.316303787587
DIN1,2356.317999708533
128 ,2356.3763115087727
666 ,2358.7883080819824
124 ,2361.7903034666756
125 ,2361.983301816342
DIN1,2361.9840019671915
128 ,2362.043309537528
124 ,2364.245309261439
127 ,2364.43031127548
DIN1,2364.4319971381424
128 ,2364.490308938382
666 ,2366.9023055115917
124 ,2369.903305126188
125 ,2370.0973093042353
DIN1,2370.097999396801
128 ,2370.157306967137
124 ,2372.460301918743
DIN1,2372.6480056821106
125 ,2372.648311359642
128 ,2372.7083090225437
124 ,2375.009302375672
125 ,2375.198307586668
DIN1,2375.1989976792333
128 ,2375.2583052495697
124 ,2377.559308660982
125 ,2377.748303813694
DIN1,2377.749003964543
128 ,2377.8083115348795
124 ,2380.2103101739863
126 ,2380.4013069251755
DIN1,2380.401997017741
128 ,2380.4613045880774
124 ,2382.662308541892
125 ,2382.8483063260296
DIN1,2382.848996418595
128 ,2382.9083039889315
124 ,2385.110303712843
127 ,2385.2953057268837
DIN1,2385.296005877733
128 ,2385.3553033897856
124 ,2387.557303113697
125 ,2387.742305127738
DIN1,2387.743005278587
128 ,2387.8023027906397
124 ,2390.205307258127
126 ,2390.3963040093163
DIN1,2390.3970041601656
128 ,2390.456301672218
124 ,2392.857304541228
DIN1,2393.0490014432667
125 ,2393.049307120798
128 ,2393.1093047837
124 ,2395.51030765271
DIN1,2395.7020045547483
125 ,2395.7023102322796
128 ,2395.7623078951815
124 ,2398.1643065342882
DIN1,2398.354997607946
125 ,2398.3553032854775
128 ,2398.415311006663
124 ,2400.8183054158667
127 ,2401.008306396959
DIN1,2401.0089964895246
128 ,2401.068304059861
124 ,2403.271309612153
DIN1,2403.4560059486626
125 ,2403.456311626194
128 ,2403.5163092890957
124 ,2405.917302099822
DIN1,2406.1089990018604
125 ,2406.1093046793917
128 ,2406.1693023422936
666 ,2408.380304230211
124 ,2411.382309673188
DIN1,2411.570003378272
125 ,2411.570309055803
128 ,2411.630306718705
124 ,2413.8323064426163
DIN1,2414.017002779126
125 ,2414.0173084566572
128 ,2414.077306119559
124 ,2416.2783100733736
DIN1,2416.46400217998
125 ,2416.4643078575114
128 ,2416.5243055204132
124 ,2418.7263052443245
DIN1,2418.911001580834
125 ,2418.9113072583655
128 ,2418.9713049212673
124 ,2421.3743093887547
DIN1,2421.564004692316
127 ,2421.564310369847
128 ,2421.624308032749
124 ,2423.827303526757
DIN1,2424.01100409317
125 ,2424.012305540798
128 ,2424.0723032037
124 ,2426.373306615112
DIN1,2426.561000320196
125 ,2426.562301767824
128 ,2426.6223094890097
124 ,2428.824309212921
DIN1,2429.0090055494306
126 ,2429.009311226962
128 ,2429.069308889864
124 ,2431.371308071373
DIN1,2431.557995948076
127 ,2431.559307453988
128 ,2431.61930511689
666 ,2433.831302774904
124 ,2436.833308217881
DIN1,2437.0199960945843
126 ,2437.0203017721155
128 ,2437.0803094933012
124 ,2439.3823086748102
DIN1,2439.5689965515135
125 ,2439.5703080574253
128 ,2439.630305720327
124 ,2441.833311272619
DIN1,2442.0159959523676
125 ,2442.0173074582794
128 ,2442.0773051211813
124 ,2444.2793048450926
DIN1,2444.4630054115055
125 ,2444.4643068591336
128 ,2444.5243045220354
124 ,2446.7263042459467
DIN1,2446.9110005824564
126 ,2446.9123020300844
128 ,2446.97230975127
124 ,2449.1743094751814
DIN1,2449.3579999833105
127 ,2449.3593114892224
128 ,2449.4193091521242
124 ,2451.7203025052527
DIN1,2451.9079962103365
126 ,2451.9093077162483
128 ,2451.9693053791502
124 ,2454.37030824816
DIN1,2454.5600035517214
125 ,2454.56231082773
128 ,2454.622308490632
124 ,2457.0253028998354
DIN1,2457.2140024333
125 ,2457.215303880928
128 ,2457.2753116021136
124 ,2459.4783070961216
DIN1,2459.661001834154
125 ,2459.662303281782
128 ,2459.7223110029677
124 ,2462.0243101844767
DIN1,2462.21099806118
125 ,2462.212309567092
128 ,2462.2733030000904
124 ,2464.474306953905
DIN1,2464.657997462034
127 ,2464.6603047380427
128 ,2464.7203024009445
124 ,2467.0223015824536
DIN1,2467.208003747344
125 ,2467.2103110233525
128 ,2467.2703086862543
124 ,2469.6713115552643
DIN1,2469.8609968005417
125 ,2469.8633040765503
128 ,2469.923301739452
124 ,2472.225310979245
DIN1,2472.4110030858515
125 ,2472.41331036186
128 ,2472.473308024762
124 ,2474.8763024339655
DIN1,2475.0639961390493
125 ,2475.066303415058
128 ,2475.1263111362437
124 ,2477.3293066302517
DIN1,2477.5110055981872
125 ,2477.513302815912
128 ,2477.5743063071945
124 ,2479.875309718607
DIN1,2480.061001825213
125 ,2480.0643048713187
128 ,2480.1243025342205
124 ,2482.526311231611
DIN1,2482.714004936695
125 ,2482.7173079828003
128 ,2482.777305645702
124 ,2485.079304827211
DIN1,2485.2649969338177
125 ,2485.2673042098263
128 ,2485.327301872728
124 ,2487.7293105701187
DIN1,2487.9180000452993
125 ,2487.920307321308
128 ,2487.98030498421
124 ,2490.3823036233166
DIN1,2490.571003156781
125 ,2490.5733104327896
128 ,2490.6333080956915
129 ,2493.0353067347983
boundary,2494.677
111 ,2499.788475073641
112 ,2499.792468212312
113 ,2499.796471409267
116 ,2499.798473007744
DIN1,2499.8160012960434
117 ,2500.7024713230785
112 ,2502.098470590776
113 ,2502.2804752362426
DIN1,2502.2890013605356
116 ,2502.3404728991445
117 ,2502.6714709026273
112 ,2504.541466794675
113 ,2504.7274746370967
DIN1,2504.7360007613897
116 ,2504.7884680700954
117 ,2504.9524683875497
112 ,2507.088475711411
113 ,2507.2784666342195
DIN1,2507.2859969884157
116 ,2507.338474355405
117 ,2507.5824682039674
112 ,2509.7394671661314
113 ,2509.931469745701
DIN1,2509.9390000998974
116 ,2509.991467408603
117 ,2510.163474119967
112 ,2512.392470277613
113 ,2512.584472857183
DIN1,2512.592003211379
116 ,2512.6444705200847
117 ,2512.8334757310804
112 ,2515.044467560714
115 ,2515.2374759686645
DIN1,2515.244996264577
116 ,2515.2974736315664
117 ,2515.983468703693
112 ,2517.498467527097
114 ,2517.6844753695186
DIN1,2517.6930014938116
116 ,2517.7444730324205
117 ,2518.244470320409
112 ,2520.045466385549
113 ,2520.2354673666414
DIN1,2520.242001950741
116 ,2520.295475087827
117 ,2520.6344694269355
112 ,2522.495473213261
113 ,2522.6824667674955
DIN1,2522.689001351595
116 ,2522.742474488681
117 ,2523.0154663694557
112 ,2525.042472071713
113 ,2525.2324730528053
DIN1,2525.238997578621
116 ,2525.292470715707
117 ,2525.536474622553
112 ,2527.6924677563366
114 ,2527.885476164287
DIN1,2527.8929964601994
116 ,2527.945473827189
117 ,2528.2964676988777
112 ,2530.345470867818
113 ,2530.538469217485
DIN1,2530.545999571681
116 ,2530.5984668803867
117 ,2530.8574676883873
112 ,2532.899470291799
115 ,2533.0884755027946
DIN1,2533.096005856991
116 ,2533.1484731656965
117 ,2533.6374666912016
112 ,2535.449466518825
113 ,2535.6394674999174
DIN1,2535.646002084017
116 ,2535.699475221103
117 ,2535.997471995419
112 ,2537.899473346537
113 ,2538.0864669007715
DIN1,2538.093001484871
116 ,2538.146474621957
117 ,2538.388466872042
112 ,2540.446472204989
113 ,2540.6364731860813
DIN1,2540.642997711897
116 ,2540.696470848983
117 ,2540.828475765651
112 ,2543.0964678896125
113 ,2543.289466239279
DIN1,2543.2960008233786
116 ,2543.349473960465
117 ,2543.4994731468614
112 ,2545.5504678559955
115 ,2545.736475698417
DIN1,2545.7430002242327
116 ,2545.796473361319
117 ,2546.0794732344802
112 ,2548.0974667144474
113 ,2548.286471925443
DIN1,2548.2929964512587
116 ,2548.346469588345
117 ,2548.5204678399023
112 ,2550.747472457355
113 ,2550.9404708070215
DIN1,2550.9459995627403
116 ,2551.0004684699234
117 ,2551.2104753775056
112 ,2553.300476111239
113 ,2553.4904670340475
DIN1,2553.49600584805
116 ,2553.550474755233
117 ,2553.7014697117265
112 ,2555.850472338265
113 ,2556.0404733193573
DIN1,2556.046997845173
116 ,2556.100470982259
117 ,2556.2914677334484
112 ,2558.400468565291
113 ,2558.5904695463832
DIN1,2558.5970041304827
116 ,2558.650467209285
117 ,2558.8214680922683
112 ,2561.051470078295
115 ,2561.243472657865
DIN1,2561.2499971836805
116 ,2561.303470320767
117 ,2561.6614748162683
112 ,2563.7044731897768
114 ,2563.8974715394434
DIN1,2563.903996065259
116 ,2563.9574692023452
117 ,2564.3824719262775
112 ,2566.157467327779
113 ,2566.3444709402975
DIN1,2566.3499996960163
116 ,2566.4044686031993
117 ,2566.692467443412
112 ,2568.6044667286333
113 ,2568.7914703411516
DIN1,2568.7969990968704
116 ,2568.8514680040535
117 ,2569.0424748135265
112 ,2571.2514751029667
114 ,2571.4444734526332
DIN1,2571.450997978449
116 ,2571.504471115535
117 ,2571.8434755129274
112 ,2573.804468698567
113 ,2573.9944696796592
DIN1,2573.999998435378
116 ,2574.054467342561
117 ,2574.263468421763
112 ,2576.3554707539733
113 ,2576.544475964969
DIN1,2576.550004720688
116 ,2576.604473627871
117 ,2577.2044703734573
112 ,2578.8054675234016
114 ,2578.99247113592
DIN1,2578.9979998916388
116 ,2579.051473028725
117 ,2579.5054737848695
112 ,2581.2524669242557
113 ,2581.439470536774
DIN1,2581.444003522396
116 ,2581.499468199676
117 ,2581.905470825499
112 ,2583.69946632511
113 ,2583.886469937628
DIN1,2583.89100292325
116 ,2583.94646760053
117 ,2584.25647396571
112 ,2586.1464757842477
113 ,2586.3334693384822
DIN1,2586.338998094201
116 ,2586.393467001384
117 ,2586.6064712775405
112 ,2588.6934746426996
113 ,2588.883475623792
DIN1,2588.889004379511
116 ,2588.943473286694
117 ,2589.147475398844
112 ,2591.3434703273233
113 ,2591.53646867699
DIN1,2591.5419974327087
116 ,2591.596466339892
117 ,2591.8084748459514
112 ,2593.7974702937063
115 ,2593.9844739062246
DIN1,2593.988996833563
116 ,2594.0434757990297
117 ,2594.5884738487657
112 ,2596.344469152158
113 ,2596.533474363154
DIN1,2596.5390031188726
116 ,2596.5934720260557
117 ,2596.979468725389
112 ,2598.9944748950657
113 ,2599.1874732447322
DIN1,2599.1919961720705
116 ,2599.247470907634
117 ,2599.4804710519966
112 ,2601.547468490666
115 ,2601.7374694717582
DIN1,2601.7420024573803
116 ,2601.79746713466
117 ,2602.0004734767135
112 ,2604.0974747759756
114 ,2604.287475757068
DIN1,2604.293004512787
116 ,2604.34747341997
117 ,2604.911471567815
112 ,2606.7474704605993
114 ,2606.940468810266
DIN1,2606.9459975659847
116 ,2607.0004664731678
117 ,2607.53147345013
112 ,2609.4014693421777
115 ,2609.5934719217476
DIN1,2609.5990006774664
116 ,2609.6534695846494
117 ,2610.312468223041
112 ,2611.854473538464
113 ,2612.0414670926984
DIN1,2612.0450043082237
116 ,2612.101474813884
117 ,2612.9624739659484
112 ,2614.5014718545135
114 ,2614.69447020418
DIN1,2614.699003189802
116 ,2614.754467867082
117 ,2615.1824679595884
112 ,2617.0544755083974
113 ,2617.244466431206
DIN1,2617.248999416828
116 ,2617.304474152392
117 ,2617.723472080892
112 ,2619.6044717354234
113 ,2619.794472716516
DIN1,2619.799005702138
116 ,2619.8544703794178
117 ,2620.323468036717
112 ,2622.0554743332323
113 ,2622.24147211737
DIN1,2622.246005102992
116 ,2622.301469780272
117 ,2622.6554710788187
112 ,2624.602473191684
115 ,2624.791468344396
DIN1,2624.796001330018
116 ,2624.8514760655817
117 ,2625.2944730592426
112 ,2627.0524699611124
113 ,2627.2394735736307
DIN1,2627.243000730872
116 ,2627.2994712365326
117 ,2627.7354676646646
112 ,2629.4994693619665
113 ,2629.686472974485
DIN1,2629.6900001317263
116 ,2629.7464706373867
117 ,2630.145472697681
112 ,2632.146467678016
113 ,2632.3394760859665
DIN1,2632.343003243208
116 ,2632.3994737488683
117 ,2632.7154748511966
112 ,2634.5994718743023
113 ,2634.7864754868206
DIN1,2634.790002644062
116 ,2634.8464731497224
117 ,2635.2664668483194
112 ,2637.246470190352
114 ,2637.4394685400184
DIN1,2637.4440015256405
116 ,2637.4994662029203
117 ,2638.1864671034273
112 ,2639.7994738442358
113 ,2639.989474825328
DIN1,2639.9930019825697
116 ,2640.04947248823
117 ,2640.5274723095354
112 ,2642.250466383761
115 ,2642.4364742261823
DIN1,2642.4409971535206
116 ,2642.496471889084
117 ,2642.9674711448606
112 ,2644.897474758094
113 ,2645.0904731077608
DIN1,2645.0940002650023
116 ,2645.1504707706627
117 ,2645.417467914289
112 ,2647.4504683536943
113 ,2647.6404693347868
DIN1,2647.6439964920282
116 ,2647.7004669976886
117 ,2647.9384661091026
112 ,2649.9004751814064
115 ,2650.087468735641
DIN1,2650.091005951166
116 ,2650.1474663985427
117 ,2650.638471580809
112 ,2652.3474745822605
113 ,2652.534468136495
DIN1,2652.5380053520203
116 ,2652.5944758576807
117 ,2652.848467640346
112 ,2654.895469210809
113 ,2655.0844744218048
DIN1,2655.0880015790462
116 ,2655.1444720847066
117 ,2655.4194756222423
112 ,2657.5454749537166
113 ,2657.7374674750026
DIN1,2657.741004690528
116 ,2657.798470966285
117 ,2658.139466903871
112 ,2660.0984685493167
113 ,2660.288469530409
DIN1,2660.291000917554
116 ,2660.348467193311
117 ,2660.569467805093
112 ,2662.6484748346265
113 ,2662.838475815719
DIN1,2662.84099714458
116 ,2662.898473478621
117 ,2663.060472197598
112 ,2665.098471604055
114 ,2665.285475216573
DIN1,2665.2890023738146
116 ,2665.345472879475
117 ,2665.6704761458095
112 ,2667.6464662326034
113 ,2667.835471443599
DIN1,2667.838002830744
116 ,2667.895469106501
117 ,2668.2104744387325
112 ,2670.296471975511
113 ,2670.4884745550808
DIN1,2670.4910059422255
116 ,2670.5484722179826
117 ,2670.821474157041
112 ,2672.9494750869926
113 ,2673.142473436659
DIN1,2673.145004823804
116 ,2673.202471099561
117 ,2673.4414760393556
112 ,2675.6024681401905
114 ,2675.795466489857
DIN1,2675.7979978770018
116 ,2675.8554742110427
117 ,2676.2324687463697
112 ,2678.255471251672
114 ,2678.4484696013387
DIN1,2678.45199675858
116 ,2678.5084672642406
117 ,2678.982473946875
112 ,2680.908474363154
115 ,2681.1014727128204
DIN1,2681.104004099965
116 ,2681.1614703757223
117 ,2681.532470173901
112 ,2683.361468501156
113 ,2683.5484721136745
DIN1,2683.551003500819
116 ,2683.6084697765764
117 ,2684.4034664703067
112 ,2685.809473730391
113 ,2685.9954715145286
DIN1,2685.9980029016733
116 ,2686.0554691774305
117 ,2686.363473944133
112 ,2688.256473131245
113 ,2688.4424709153827
DIN1,2688.4450023025274
116 ,2688.503474406665
117 ,2688.835468180245
112 ,2690.803471989697
113 ,2690.9934729707893
DIN1,2690.9949985295534
116 ,2691.053470633691
117 ,2691.325466744369
112 ,2693.4534676743206
115 ,2693.646476082271
DIN1,2693.648997411132
116 ,2693.706473745173
117 ,2694.1564713043626
112 ,2696.0064713282045
113 ,2696.196472309297
DIN1,2696.197997868061
116 ,2696.256469972199
117 ,2696.586472205585
112 ,2698.657472841209
113 ,2698.8494754207786
DIN1,2698.8519967496395
116 ,2698.9094730836805
117 ,2699.1964761537965
112 ,2701.3104759526905
114 ,2701.5024684739765
DIN1,2701.504999861121
116 ,2701.5624661368784
117 ,2701.897467337316
112 ,2703.763470090693
113 ,2703.950473703211
DIN1,2703.9519992619753
116 ,2704.010471366113
117 ,2704.317470304435
112 ,2706.3104689491447
115 ,2706.500469930237
DIN1,2706.502005547285
116 ,2706.560467593139
117 ,2706.9584738833364
112 ,2708.9604746920522
113 ,2709.153473041719
DIN1,2709.154998600483
116 ,2709.2134707046207
117 ,2709.618467502063
112 ,2711.4134688300546
113 ,2711.600472442573
DIN1,2711.601998001337
116 ,2711.660470105475
117 ,2712.0184746009763
112 ,2713.9604676885065
114 ,2714.150468669599
DIN1,2714.1530000567436
116 ,2714.210466332501
117 ,2714.629474319285
112 ,2716.4114702863153
113 ,2716.597468070453
DIN1,2716.599003687501
116 ,2716.6574757916387
117 ,2717.3294697327074
112 ,2718.958469144767
113 ,2719.1484701258596
DIN1,2719.148999914527
116 ,2719.2084677887615
117 ,2719.510467760032
112 ,2721.6084748876747
113 ,2721.8014732373413
DIN1,2721.8020030260086
116 ,2721.861470900243
117 ,2722.000466324156
112 ,2724.2614679408725
115 ,2724.454466290539
DIN1,2724.456001907587
116 ,2724.514474011725
117 ,2725.1304734868463
112 ,2726.7154679072555
113 ,2726.901475749677
DIN1,2726.903001308441
116 ,2726.961473412579
117 ,2727.261471785372
112 ,2729.161471538013
113 ,2729.348475150531
DIN1,2729.3500007092953
116 ,2729.408472813433
117 ,2729.561469368404
112 ,2731.6094667089637
114 ,2731.7954745513853
DIN1,2731.7970001101494
116 ,2731.855472214287
117 ,2732.26147484011
112 ,2734.1564756256994
113 ,2734.346466548508
DIN1,2734.3469963371754
116 ,2734.4064742696937
117 ,2734.80246890313
112 ,2736.806471310323
113 ,2736.9994696599897
DIN1,2736.999999448657
116 ,2737.0594673228916
117 ,2737.3724710566457
112 ,2739.4594744218048
114 ,2739.6524727714714
DIN1,2739.6539983302355
116 ,2739.7124704343732
117 ,2740.043468437856
112 ,2741.912468559807
113 ,2742.0994721723255
DIN1,2742.100001960993
116 ,2742.1594698352274
117 ,2742.394471578067
112 ,2744.4604732466396
115 ,2744.6494683993515
DIN1,2744.649998188019
116 ,2744.709476120537
117 ,2745.1044749838766
112 ,2746.910470016068
113 ,2747.0964678002056
DIN1,2747.096997588873
116 ,2747.1564755213913
117 ,2747.5254737210926
112 ,2749.357469416922
113 ,2749.5434672010597
DIN1,2749.543996989727
116 ,2749.6034749222454
117 ,2749.825471304124
112 ,2751.804468817776
115 ,2751.9914724302944
DIN1,2751.9920022189617
116 ,2752.0514700931963
117 ,2752.4864707512315
112 ,2754.351467676228
DIN1,2754.541002675891
113 ,2754.5414686573204
116 ,2754.6014663202222
117 ,2754.9464755130466
112 ,2756.80147450394
DIN1,2756.988002076745
113 ,2756.9884680581745
116 ,2757.04847577936
117 ,2757.326466627186
112 ,2759.248473904794
114 ,2759.4354674590286
DIN1,2759.435997247696
116 ,2759.4954751802143
117 ,2759.8974746090826
112 ,2761.8964679909404
113 ,2762.0884705705103
DIN1,2762.0890003591776
116 ,2762.148468233412
117 ,2762.4574687702116
112 ,2764.549471102422
113 ,2764.741473681992
DIN1,2764.7420034706593
116 ,2764.801471344894
117 ,2764.998472891515
112 ,2767.2024742139038
DIN1,2767.394996523857
113 ,2767.3954725635704
116 ,2767.4554702264722
117 ,2767.7094720674213
112 ,2769.8554672671016
DIN1,2770.047999635339
115 ,2770.048475675052
116 ,2770.108473337954
117 ,2770.5194749308284
112 ,2772.4084709209856
114 ,2772.598471902078
DIN1,2772.5990016907454
116 ,2772.65846956498
117 ,2773.0004713309463
112 ,2774.959472976392
DIN1,2775.1480021476746
113 ,2775.148468129104
116 ,2775.2084758502897
117 ,2775.5304716897663
112 ,2777.4094697458204
DIN1,2777.5950015485287
113 ,2777.595467529958
116 ,2777.655475251144
117 ,2777.8414730352815
112 ,2780.05646806187
DIN1,2780.2480046600103
113 ,2780.2494664115366
116 ,2780.3094741327222
117 ,2780.531470514601
112 ,2782.509472258156
DIN1,2782.6950040608644
113 ,2782.6964758706745
116 ,2782.7564735335764
117 ,2782.9314675552305
112 ,2785.1564705742057
DIN1,2785.349002942443
115 ,2785.3494689238723
116 ,2785.409466586774
117 ,2785.7724700493272
112 ,2787.7094742280897
DIN1,2787.898999169469
113 ,2787.899475209182
116 ,2787.959472872084
117 ,2788.2024709505495
112 ,2790.2604662252124
DIN1,2790.4490054547787
113 ,2790.449471436208
116 ,2790.50946909911
117 ,2790.6634714824613
112 ,2792.91047196812
DIN1,2793.1019985079765
113 ,2793.10247454769
116 ,2793.1624722105917
117 ,2793.3244709295686
112 ,2795.363476164406
DIN1,2795.5489979088306
113 ,2795.5504697186407
116 ,2795.6104673815425
117 ,2795.8144694936927
112 ,2797.8104755652603
DIN1,2797.9959973096848
113 ,2797.997469119495
116 ,2798.0574667823967
117 ,2798.3054738861974
112 ,2800.357474423712
DIN1,2800.5460035949945
113 ,2800.5474754048046
116 ,2800.6074730677065
117 ,2800.856475941604
112 ,2802.907470650738
DIN1,2803.0959998220205
113 ,2803.0974716318306
116 ,2803.1574692947324
117 ,2803.40647216863
118 ,2805.557466335362
boundary,2810.224
111 ,2815.3175175544006
112 ,2815.3215207513554
113 ,2815.326519718407
116 ,2815.3285213168842
DIN1,2815.3470045135023
117 ,2816.167523002265
112 ,2817.628518899916
113 ,2817.81252514386
DIN1,2817.8200045779945
116 ,2817.8735185768587
117 ,2818.1475263442976
112 ,2820.173526218174
113 ,2820.362521370886
DIN1,2820.3700008050205
116 ,2820.422519033788
117 ,2820.577517187236
112 ,2822.823521902798
113 ,2823.0165202524645
DIN1,2823.023003916502
116 ,2823.0765179153664
117 ,2823.278518429039
112 ,2825.4765250142796
113 ,2825.669523363946
DIN1,2825.6770027980806
116 ,2825.729521026848
117 ,2825.898520311354
112 ,2827.929519152282
113 ,2828.1165227648003
DIN1,2828.1240021989347
116 ,2828.176520427702
117 ,2828.31951904857
112 ,2830.577523296712
113 ,2830.769525876282
DIN1,2830.7770053104164
116 ,2830.829523539184
117 ,2830.9595268573744
112 ,2833.0305174347145
113 ,2833.216525277136
DIN1,2833.2240047112705
116 ,2833.276522940038
117 ,2833.4605191256983
112 ,2835.4775268938524
113 ,2835.66352467799
DIN1,2835.6710041121246
116 ,2835.723522340892
117 ,2835.9105259534103
112 ,2838.0245257523043
113 ,2838.2145267333967
DIN1,2838.2210003391506
116 ,2838.2745243962986
117 ,2838.391522353528
112 ,2840.4745225217325
115 ,2840.661526134251
DIN1,2840.6679997400047
116 ,2840.7215237971527
117 ,2841.1415174957497
112 ,2843.121520837782
114 ,2843.3145191874487
DIN1,2843.321998621583
116 ,2843.3745269086344
117 ,2844.0115180220587
112 ,2845.7755197193605
113 ,2845.9675222989304
DIN1,2845.973995904684
116 ,2846.0275199618322
117 ,2846.262521704672
112 ,2848.2285239156467
115 ,2848.4145216997845
DIN1,2848.422001133919
116 ,2848.4745193626864
117 ,2848.9425212498886
112 ,2850.7755227740986
113 ,2850.9645179268105
DIN1,2850.971001590848
116 ,2851.024525647996
117 ,2851.4925174769146
112 ,2853.225519543527
113 ,2853.412523156045
DIN1,2853.4180009917022
116 ,2853.472520818947
117 ,2853.6825176682455
112 ,2855.8725178595764
114 ,2856.065526267527
DIN1,2856.0719998732807
116 ,2856.1255239304287
117 ,2856.553524022935
112 ,2858.4255215134604
113 ,2858.615522494553
DIN1,2858.6219961003067
116 ,2858.6755201574547
117 ,2858.964524826048
112 ,2860.8755182828886
115 ,2861.062521895407
DIN1,2861.0690055594446
116 ,2861.122519558309
117 ,2861.534526979564
112 ,2863.4225171413404
113 ,2863.612518122433
DIN1,2863.6190017864706
116 ,2863.6725258436186
117 ,2864.104519074796
112 ,2865.973519196747
115 ,2866.1625244077427
DIN1,2866.1689980134965
116 ,2866.2225220706446
117 ,2866.634519433616
112 ,2868.6235249396545
114 ,2868.816523289321
DIN1,2868.822996895075
116 ,2868.876520952223
117 ,2869.4055263307077
112 ,2871.1765185352547
113 ,2871.366519516347
DIN1,2871.371997352004
116 ,2871.426517179249
117 ,2871.885526960729
112 ,2873.7265248205645
113 ,2873.916525801657
DIN1,2873.922003637314
116 ,2873.976523464559
117 ,2874.246517976759
112 ,2876.2765210475904
113 ,2876.466522028683
DIN1,2876.47199986434
116 ,2876.526519691585
117 ,2876.7165206726772
112 ,2878.827523102997
113 ,2879.016518255709
DIN1,2879.021996091366
116 ,2879.0765259768946
117 ,2879.257524793981
112 ,2881.2775198724253
113 ,2881.463517656563
DIN1,2881.469005550504
116 ,2881.5235253777487
117 ,2881.697523629306
112 ,2883.824518730877
113 ,2884.0145197119696
DIN1,2884.01900177753
116 ,2884.0745173748714
117 ,2884.197520127533
112 ,2886.374525016187
114 ,2886.5645259972794
DIN1,2886.5700038329364
116 ,2886.6245236601812
117 ,2887.088522350429
112 ,2889.0245207008106
113 ,2889.217519050477
DIN1,2889.2229968861343
116 ,2889.277526771663
117 ,2889.528521185754
112 ,2891.6775238122923
115 ,2891.870522161959
DIN1,2891.875999997616
116 ,2891.9305198248608
117 ,2892.5695225950462
112 ,2894.330526923774
113 ,2894.5235252734406
DIN1,2894.5290031090976
116 ,2894.5835229363424
117 ,2895.209520345567
112 ,2896.9845258053524
114 ,2897.177524155019
DIN1,2897.183001990676
116 ,2897.237521817921
117 ,2897.649519180892
112 ,2899.5375194009525
113 ,2899.727520382045
DIN1,2899.7320024476053
116 ,2899.787518044947
117 ,2900.0105202552063
112 ,2901.9875262286646
113 ,2902.174519782899
DIN1,2902.1790018484594
116 ,2902.234517445801
117 ,2902.4605270829184
112 ,2904.4345256295187
113 ,2904.621519183753
DIN1,2904.6260012493135
116 ,2904.681526904939
117 ,2905.0105233099443
112 ,2906.881525030373
113 ,2907.0685185846073
DIN1,2907.0730006501676
116 ,2907.128526305793
117 ,2907.360520621775
112 ,2909.529519116519
113 ,2909.721521696089
DIN1,2909.7260037616493
116 ,2909.781519358991
117 ,2909.9815182741863
112 ,2911.9825233128054
113 ,2912.168521096943
DIN1,2912.1730031625034
116 ,2912.228518759845
117 ,2912.4215171095116
112 ,2914.529522171257
113 ,2914.7195231523497
DIN1,2914.72400521791
116 ,2914.7795208152515
117 ,2915.012520959614
112 ,2916.9795189406855
114 ,2917.166522553204
DIN1,2917.171004618764
116 ,2917.2265202161057
117 ,2917.5535250809176
112 ,2919.626517256735
115 ,2919.8195256646854
DIN1,2919.823997671962
116 ,2919.8795233275873
117 ,2920.214524528025
112 ,2922.179520910619
114 ,2922.3695218917114
DIN1,2922.3749997273685
116 ,2922.4295195546133
117 ,2923.035521095632
112 ,2924.6295176800472
114 ,2924.8165212925655
DIN1,2924.8219991282226
116 ,2924.8765189554674
117 ,2925.2155233528597
112 ,2927.077522909282
113 ,2927.2635206934197
DIN1,2927.26800275898
116 ,2927.3235183563215
117 ,2927.6465200241787
112 ,2929.7245212253315
115 ,2929.917519574998
DIN1,2929.9210058704616
116 ,2929.9775172379
117 ,2930.406523158787
112 ,2932.1775254216177
113 ,2932.364518975852
DIN1,2932.3680052713157
116 ,2932.424526697038
117 ,2932.7965222653133
112 ,2934.624524822472
113 ,2934.8115183767063
DIN1,2934.81500467217
116 ,2934.871526097892
117 ,2935.0575238820297
112 ,2937.2715231385214
113 ,2937.464521488188
DIN1,2937.4679977253677
116 ,2937.52451915109
117 ,2937.7675172295553
112 ,2939.825522562502
113 ,2940.014517715214
DIN1,2940.0180040106775
116 ,2940.0745254363997
117 ,2940.278517490266
112 ,2942.475518247126
115 ,2942.6675208266956
DIN1,2942.672002892256
116 ,2942.7275184895975
117 ,2943.3685228582603
112 ,2944.928522443412
113 ,2945.1155260559303
DIN1,2945.11900229311
116 ,2945.175523718832
117 ,2945.3995216991884
112 ,2947.375521844266
113 ,2947.5625254567844
DIN1,2947.566001693964
116 ,2947.6225231196863
117 ,2947.789520805715
112 ,2950.0225201603157
113 ,2950.2155185099823
DIN1,2950.219004805446
116 ,2950.275526231168
117 ,2950.4195206221325
112 ,2952.5755238141996
113 ,2952.765524795292
DIN1,2952.769001032472
116 ,2952.825522458194
117 ,2952.990518545745
112 ,2955.025520583628
113 ,2955.212524196146
DIN1,2955.216000433326
116 ,2955.272521859048
117 ,2955.431523209451
112 ,2957.5735252704603
113 ,2957.762520423172
DIN1,2957.765996660352
116 ,2957.822518086074
117 ,2957.981519436477
112 ,2960.1235214974863
115 ,2960.312526708482
DIN1,2960.3160029456617
116 ,2960.372524371384
117 ,2960.8525257911665
112 ,2962.6735177245123
113 ,2962.8635187056047
DIN1,2962.8659991726877
116 ,2962.9235264267904
117 ,2963.182517176507
112 ,2965.32352346742
113 ,2965.5165218170864
DIN1,2965.5190022841693
116 ,2965.5765194799883
117 ,2965.772525256513
112 ,2967.87651706302
113 ,2968.0665180441124
DIN1,2968.0689985111953
116 ,2968.126525765298
117 ,2968.2935234513266
112 ,2970.4275191184265
114 ,2970.616524329422
DIN1,2970.620000566602
116 ,2970.676521992324
117 ,2971.1645197477324
112 ,2972.9775254037363
113 ,2973.166520556448
DIN1,2973.169996793628
116 ,2973.22651821935
117 ,2973.494521191357
112 ,2975.62752108836
113 ,2975.8205194380266
DIN1,2975.8229999051096
116 ,2975.8805171009285
117 ,2976.0745212789757
112 ,2978.0805252846462
115 ,2978.2675188388807
DIN1,2978.2699993059637
116 ,2978.3275265600664
117 ,2978.784524684785
112 ,2980.627524143098
114 ,2980.8175251241905
DIN1,2980.8210013613702
116 ,2980.8775227870924
117 ,2981.5255176630003
112 ,2983.0775209125263
113 ,2983.2645245250446
DIN1,2983.2670049921276
116 ,2983.3245221879465
117 ,2983.6655181255323
112 ,2985.6255255993588
113 ,2985.8145207520706
DIN1,2985.8170012191536
116 ,2985.8745184149725
117 ,2986.176518386243
112 ,2988.075522368787
113 ,2988.2615201529247
DIN1,2988.2640006200077
116 ,2988.3215178158266
117 ,2988.5965213533623
112 ,2990.7225206848366
113 ,2990.9145232644064
DIN1,2990.9170037314893
116 ,2990.9745209273083
117 ,2991.3575202580673
112 ,2993.2755243387205
113 ,2993.465525319813
DIN1,2993.4669999585153
116 ,2993.525522982715
117 ,2993.7275234963877
112 ,2995.8255205657465
114 ,2996.015521546839
DIN1,2996.018002013922
116 ,2996.075519209741
117 ,2996.487526630996
112 ,2998.475526308654
113 ,2998.6685246583206
DIN1,2998.669999297023
116 ,2998.7285223212225
117 ,2999.0485266205055
112 ,3001.128519361852
113 ,3001.3215177115185
DIN1,3001.3239981786014
116 ,3001.381525432704
117 ,3001.5485231187326
112 ,3003.582519328235
114 ,3003.7685171123726
DIN1,3003.7709975794555
116 ,3003.8285248335583
117 ,3004.288520326851
112 ,3006.2295176442844
113 ,3006.422526052235
DIN1,3006.424000690937
116 ,3006.4825237151367
117 ,3006.799520587562
112 ,3008.7825212981684
115 ,3008.972522279261
DIN1,3008.973996917963
116 ,3009.0325199421627
117 ,3009.4205182399733
112 ,3011.4335228111727
115 ,3011.6255253907425
DIN1,3011.627000029445
116 ,3011.6855230536444
117 ,3012.060526048778
112 ,3013.8855211790783
113 ,3014.0725247915966
DIN1,3014.073999430299
116 ,3014.1325224544985
117 ,3014.79152109289
112 ,3016.532519495128
113 ,3016.7255178447945
DIN1,3016.7270025417806
116 ,3016.78552556598
117 ,3017.1515263971073
112 ,3019.0865189191086
113 ,3019.2755241301043
DIN1,3019.2769987688066
116 ,3019.335521793006
117 ,3019.642520731328
112 ,3021.5365257468206
113 ,3021.723519301055
DIN1,3021.7239981696607
116 ,3021.783527022241
117 ,3022.0425177719576
112 ,3024.18352406287
113 ,3024.376522412537
DIN1,3024.3770012811424
116 ,3024.4365200754387
117 ,3024.78252503836
112 ,3026.6365182008726
114 ,3026.823521813391
DIN1,3026.8249964520933
116 ,3026.883519476293
117 ,3027.3935247566683
112 ,3029.0835176017267
113 ,3029.270521214245
DIN1,3029.272005911231
116 ,3029.330518877147
117 ,3029.7735259290916
112 ,3031.5315228309614
113 ,3031.717520615099
DIN1,3031.7190053120853
116 ,3031.777518278001
117 ,3032.0135258492214
112 ,3033.9785222318155
114 ,3034.1645200159533
DIN1,3034.1660047129394
116 ,3034.224517678855
117 ,3034.594521706937
112 ,3036.4255216326696
115 ,3036.6115194168074
DIN1,3036.6130041137935
116 ,3036.6715170797092
117 ,3037.174521794556
112 ,3038.8725210335238
113 ,3039.059524646042
DIN1,3039.0600035146476
116 ,3039.119522308944
117 ,3039.4545235093815
112 ,3041.5195193495733
115 ,3041.71251769924
DIN1,3041.7129965678455
116 ,3041.7725254204256
117 ,3042.2455262746794
112 ,3044.0725230034573
113 ,3044.2625239845497
DIN1,3044.2630028531553
116 ,3044.3225216474516
117 ,3044.7355248388035
112 ,3046.6225192304832
115 ,3046.8125202115757
DIN1,3046.8129990801813
116 ,3046.8725178744776
117 ,3047.475522046922
112 ,3049.0725260581953
114 ,3049.25951961243
DIN1,3049.261004309416
116 ,3049.3195172753317
117 ,3049.8355172928555
112 ,3051.620520686744
113 ,3051.8095258977396
DIN1,3051.810004766345
116 ,3051.8695235606415
117 ,3052.1865204330666
112 ,3054.2705264296515
DIN1,3054.462997819543
113 ,3054.463524779318
116 ,3054.52352244222
117 ,3054.7965243812782
112 ,3056.723520567654
DIN1,3056.909997220397
113 ,3056.910524180172
116 ,3056.970521843074
117 ,3057.1465216931088
112 ,3059.170519968508
DIN1,3059.3569966212513
113 ,3059.3575235810263
116 ,3059.417521243928
117 ,3059.6965179201347
112 ,3061.617519369362
115 ,3061.8045229818804
DIN1,3061.805001850486
116 ,3061.8645206447823
117 ,3062.367525359629
112 ,3064.2655235137922
113 ,3064.457526093362
DIN1,3064.4580049619676
116 ,3064.517523756264
117 ,3064.867521857856
112 ,3066.8185171093924
113 ,3067.007522320388
DIN1,3067.0080011889936
116 ,3067.06751998329
117 ,3067.327526619671
112 ,3069.2685239371044
114 ,3069.454521721242
DIN1,3069.4550005898477
116 ,3069.514519384144
117 ,3070.0585216637833
112 ,3071.915522253154
DIN1,3072.1080037013294
113 ,3072.1085206028206
116 ,3072.1685182657225
117 ,3072.4785246309025
112 ,3074.5685253646357
DIN1,3074.7609967545272
113 ,3074.7615237143023
116 ,3074.821521377204
117 ,3075.0285208579285
112 ,3077.121518960236
DIN1,3077.311003039837
113 ,3077.3115199413282
116 ,3077.37151760423
117 ,3077.539521118639
112 ,3079.6725210156424
DIN1,3079.860999266863
113 ,3079.861526226638
116 ,3079.92152388954
117 ,3080.1895268615467
112 ,3082.32252675855
DIN1,3082.5140023783447
113 ,3082.514519279836
116 ,3082.5745270010216
117 ,3082.7995207514746
112 ,3084.7755208965523
DIN1,3084.961001779199
113 ,3084.9625245090706
116 ,3085.0225221719725
117 ,3085.2905251439793
112 ,3087.422519212602
DIN1,3087.6150006607772
115 ,3087.6155175622685
116 ,3087.675525283454
117 ,3088.2005174067003
112 ,3090.0755223240835
DIN1,3090.268003772259
115 ,3090.26852067375
116 ,3090.328518336652
117 ,3090.9215245749933
112 ,3092.728525435565
DIN1,3092.9209968254568
113 ,3092.921523785232
116 ,3092.9815214481337
117 ,3093.681517651318
112 ,3095.3825243171436
114 ,3095.5745268967135
DIN1,3095.575005765319
116 ,3095.6345245596153
117 ,3096.2115180101378
112 ,3097.9355179127438
DIN1,3098.1239961639644
113 ,3098.125518893836
116 ,3098.185526615022
117 ,3098.442525824545
112 ,3100.4855241980536
DIN1,3100.674998219371
114 ,3100.675525179146
116 ,3100.735522842048
117 ,3101.1925209667666
112 ,3103.0355204250795
DIN1,3103.2239986763
113 ,3103.225521406172
116 ,3103.285519069074
117 ,3103.5535220410807
112 ,3105.485517194508
DIN1,3105.6709980771543
113 ,3105.672520807026
116 ,3105.732518469928
117 ,3106.0735244657976
112 ,3108.132525568841
DIN1,3108.324001188636
113 ,3108.3255239185078
116 ,3108.3855215814096
117 ,3108.6535245534164
112 ,3110.6855191644413
DIN1,3110.873997415662
113 ,3110.8755201455338
116 ,3110.9355178084356
117 ,3111.204526608823
112 ,3113.13652176225
DIN1,3113.320996816516
113 ,3113.322519546388
116 ,3113.3825172092897
117 ,3113.6245195176584
112 ,3115.7835200782997
DIN1,3115.9750057563783
113 ,3115.9765184279663
116 ,3116.036526149152
117 ,3116.244521399973
112 ,3118.4365231897814
DIN1,3118.627998809576
113 ,3118.629521539448
116 ,3118.68951920235
117 ,3118.9155187811834
118 ,3121.089526301263
boundary,3125.775
130 ,3130.865796800317
131 ,3130.868804227175
132 ,3130.8718015957493
135 ,3130.8738031942266
DIN1,3130.8960007264614
136 ,3131.540798168244
131 ,3133.0738013196606
132 ,3133.257797505321
DIN1,3133.264998136401
135 ,3133.3178052265066
136 ,3133.4807997155804
131 ,3135.5187991220373
132 ,3135.704796906175
DIN1,3135.7119975372552
135 ,3135.7658003974575
136 ,3135.8908047485966
131 ,3137.9657985228914
132 ,3138.1528021354097
DIN1,3138.1589969381093
135 ,3138.2127997983116
136 ,3138.4107971150297
131 ,3140.5127973813433
132 ,3140.7027983624357
DIN1,3140.709998993516
135 ,3140.7627960253376
136 ,3140.9117994416374
131 ,3142.963799979152
132 ,3143.14979776329
DIN1,3143.15699839437
135 ,3143.2098054844755
136 ,3143.3617962110657
666 ,3145.4198015440124
131 ,3148.4217969287056
132 ,3148.6108021397013
DIN1,3148.616996942401
135 ,3148.670799802603
136 ,3149.1218031901735
131 ,3151.0707968432325
133 ,3151.263805251183
DIN1,3151.271005882263
135 ,3151.323802914085
136 ,3151.752798776688
131 ,3153.723799954714
132 ,3153.916798304381
DIN1,3153.923998935461
135 ,3153.9767959672827
136 ,3154.34279679841
131 ,3156.3777988362926
134 ,3156.5698014158625
DIN1,3156.5770020469427
135 ,3156.6297990787643
136 ,3157.063803966703
131 ,3158.830803032579
132 ,3159.0168008167166
DIN1,3159.0240014477968
135 ,3159.077804307999
136 ,3159.2948017228264
131 ,3161.277802433433
132 ,3161.4647959876675
DIN1,3161.471000848651
135 ,3161.524803708853
136 ,3161.7248026240486
131 ,3163.9248007494825
133 ,3164.117799099149
DIN1,3164.1249997302293
135 ,3164.177796762051
136 ,3164.5448034215588
131 ,3166.4778044033665
132 ,3166.667805384459
DIN1,3166.6740001871585
135 ,3166.727803047361
136 ,3166.8948007333893
131 ,3168.9278011727947
134 ,3169.114804785313
DIN1,3169.122005416393
135 ,3169.174802448215
136 ,3169.6657975721973
131 ,3171.575805317225
132 ,3171.767797838511
DIN1,3171.7740026994943
135 ,3171.8278055596966
136 ,3172.2368055540937
131 ,3174.0287994552273
132 ,3174.214797239365
DIN1,3174.2210021003484
135 ,3174.2748049605507
136 ,3174.4968013424295
131 ,3176.575798313679
132 ,3176.7657992947716
DIN1,3176.7709983273744
135 ,3176.8257969576734
136 ,3177.097803126635
666 ,3179.2358019906897
131 ,3182.237797375383
132 ,3182.4327973235268
DIN1,3182.4379963561296
135 ,3182.4928050447124
136 ,3182.788800220551
131 ,3184.792802627744
132 ,3184.9828036088365
DIN1,3184.9880026414394
135 ,3185.0428012717384
136 ,3185.338796447577
131 ,3187.34279885477
133 ,3187.5327998358625
DIN1,3187.539004696846
135 ,3187.5927974987644
136 ,3187.9497961658853
131 ,3189.89280514008
133 ,3190.0827960628885
DIN1,3190.089000923872
135 ,3190.142803784074
136 ,3190.509800385298
131 ,3192.5437965948004
132 ,3192.73579917437
DIN1,3192.7420040353536
135 ,3192.795796837272
136 ,3193.149798135819
131 ,3195.196799706282
132 ,3195.3897980559486
DIN1,3195.3949970885515
135 ,3195.4498057771343
136 ,3195.669800560536
131 ,3197.6498039025682
132 ,3197.8367974568027
DIN1,3197.8419964894056
135 ,3197.8968051779884
136 ,3198.100797231855
131 ,3200.19680276102
134 ,3200.3868037421125
DIN1,3200.3920027747154
135 ,3200.4468014050144
136 ,3201.0017973888534
666 ,3202.756796922149
131 ,3205.758802365126
132 ,3205.950804944696
DIN1,3205.9560039772987
135 ,3206.0108026075977
136 ,3206.422799970569
666 ,3208.3207981247324
131 ,3211.3228035677093
132 ,3211.5147960889954
DIN1,3211.520005179882
135 ,3211.574803810181
136 ,3212.0128018367905
131 ,3213.8757971633095
132 ,3214.064802374305
DIN1,3214.070001406908
135 ,3214.124800037207
136 ,3214.3437990505117
131 ,3216.5247970778364
134 ,3216.717805485787
DIN1,3216.7230045183896
135 ,3216.7778031486887
136 ,3217.403800557913
131 ,3218.9787970442194
134 ,3219.1658006567377
DIN1,3219.1700039192438
135 ,3219.224802549543
136 ,3219.5438010204452
131 ,3221.5257959026712
132 ,3221.7157968837637
DIN1,3221.7200001462697
135 ,3221.7758046049494
136 ,3221.984805684151
131 ,3224.075802187981
132 ,3224.2658031690735
DIN1,3224.2699963732957
135 ,3224.3258008319754
136 ,3224.5658015418667
131 ,3226.5257989574093
132 ,3226.7128025699276
DIN1,3226.7170058324336
135 ,3226.7728002328295
136 ,3226.9868002790827
131 ,3228.9727983582634
132 ,3229.1598019707817
DIN1,3229.1640052332878
135 ,3229.2197996336836
136 ,3229.386797319712
131 ,3231.5197972167152
132 ,3231.7097981978077
DIN1,3231.7140014603137
135 ,3231.7697958607096
136 ,3231.9078055728096
131 ,3234.1698029596228
132 ,3234.3628013092894
DIN1,3234.3670045717954
135 ,3234.4227989721912
136 ,3234.637804846825
131 ,3236.7238023836035
132 ,3236.913803364696
DIN1,3236.9170007988214
135 ,3236.973801027598
136 ,3237.127803410949
131 ,3239.2737986106295
134 ,3239.463799591722
DIN1,3239.468002854228
135 ,3239.523797254624
136 ,3239.958797912659
131 ,3241.923804353537
133 ,3242.1168027032036
DIN1,3242.120995907426
135 ,3242.1768003661055
136 ,3242.5498017627615
131 ,3244.4778037775177
133 ,3244.6667989302296
DIN1,3244.6710021927356
135 ,3244.7267965931314
136 ,3245.1198039162773
131 ,3247.1268036920446
132 ,3247.3198020417112
DIN1,3247.3240053042173
135 ,3247.379799704613
136 ,3247.6498042750973
131 ,3249.6808031160253
134 ,3249.869798268737
DIN1,3249.8740015312433
135 ,3249.929795931639
136 ,3250.4108031798023
131 ,3252.1307998854536
133 ,3252.317803497972
DIN1,3252.321996702194
135 ,3252.377801160874
136 ,3252.9308056045193
131 ,3254.777798201503
134 ,3254.9707965511698
DIN1,3254.974999813676
135 ,3255.0308042723555
136 ,3255.431797872843
131 ,3257.430801312985
132 ,3257.6237996626514
DIN1,3257.626997096777
135 ,3257.6837973255533
136 ,3257.881804700555
131 ,3259.883805509271
132 ,3260.0707990635055
DIN1,3260.073996497631
135 ,3260.1307967264074
136 ,3260.3917991328854
131 ,3262.5317995954174
132 ,3262.723802174987
DIN1,3262.7269996091127
135 ,3262.783799837889
136 ,3263.021798949303
666 ,3265.194800641002
131 ,3268.196796025695
133 ,3268.3908002037424
DIN1,3268.3950034662485
135 ,3268.4507978666443
136 ,3269.023798178496
131 ,3270.651801820459
132 ,3270.8377996045965
DIN1,3270.840997038722
135 ,3270.8977972674984
136 ,3271.403799350919
131 ,3273.098801221313
132 ,3273.285804833831
DIN1,3273.287996439576
135 ,3273.345802496733
136 ,3273.703796933951
131 ,3275.7457995373625
132 ,3275.938797887029
DIN1,3275.9420053794383
135 ,3275.9988056082148
136 ,3276.6248030174393
131 ,3278.2988031912464
132 ,3278.488804172339
DIN1,3278.4920016064643
135 ,3278.5488018352407
136 ,3278.7947972822803
131 ,3280.849805246653
132 ,3281.038800399365
DIN1,3281.0419978334903
135 ,3281.0987980622667
136 ,3281.454800959291
131 ,3283.2998020160812
134 ,3283.485799800219
DIN1,3283.4889972343444
135 ,3283.545797463121
136 ,3284.3558011162895
131 ,3285.946800332131
132 ,3286.1388029117006
DIN1,3286.142000345826
135 ,3286.1988005746025
136 ,3286.8057978857178
131 ,3288.5998034436125
132 ,3288.792801793279
DIN1,3288.7950034573078
135 ,3288.852799456181
136 ,3289.3167981464285
666 ,3291.0628055740017
131 ,3294.064800958695
133 ,3294.2537961114067
DIN1,3294.257003603816
135 ,3294.3138038325924
136 ,3294.7368049580473
131 ,3296.5138019580263
132 ,3296.7008055705446
DIN1,3296.7029971762895
135 ,3296.7608032334465
136 ,3297.0578042376656
131 ,3299.160800274076
132 ,3299.3537986237425
DIN1,3299.356000287771
135 ,3299.4137962866444
136 ,3299.5978025305885
131 ,3301.613804470362
132 ,3301.8007980245966
DIN1,3301.8029996886253
135 ,3301.8608057457823
136 ,3302.029805030288
131 ,3304.2617985565084
132 ,3304.4538011360783
DIN1,3304.456002800107
135 ,3304.51379879898
136 ,3304.7497963119167
131 ,3306.7148027527946
133 ,3306.9008005369324
DIN1,3306.903997971058
135 ,3306.9607981998342
136 ,3307.3898041207212
131 ,3309.2618016112465
132 ,3309.451802592339
DIN1,3309.452998427987
135 ,3309.511800255241
136 ,3309.7108034003395
131 ,3311.8117978382725
134 ,3312.001798819365
DIN1,3312.0040004833936
135 ,3312.061796482267
136 ,3312.5607980001587
666 ,3314.2718026000875
131 ,3317.272802214684
132 ,3317.4628031957764
DIN1,3317.4639990314245
135 ,3317.5228008586782
136 ,3318.091797973575
131 ,3319.722798984112
132 ,3319.9098025966305
DIN1,3319.9109984322786
135 ,3319.9698002595323
136 ,3320.3418058860916
131 ,3322.3697973001617
132 ,3322.562805708112
DIN1,3322.5640015437602
135 ,3322.622803371014
136 ,3322.8927978832144
131 ,3324.822801496448
134 ,3325.0098051089662
DIN1,3325.011996714711
135 ,3325.069802771868
136 ,3325.5828054208177
131 ,3327.270796667399
133 ,3327.4568045098204
DIN1,3327.4589961155652
135 ,3327.5168021727222
136 ,3328.102797787251
131 ,3329.717796068253
132 ,3329.9038039106745
DIN1,3329.906005574703
135 ,3329.9638015735763
136 ,3330.302795912685
666 ,3332.2748029190916
131 ,3335.275802533688
132 ,3335.467805113258
DIN1,3335.469000948906
135 ,3335.5278027761597
136 ,3335.9447991061825
131 ,3337.7287966716904
132 ,3337.9158002842087
DIN1,3337.91600034976
135 ,3337.9757979471106
136 ,3338.254804681601
131 ,3340.3758050460237
133 ,3340.5688033956903
DIN1,3340.5699992313384
135 ,3340.628801058592
136 ,3341.6248024958986
131 ,3343.0287980992216
132 ,3343.221796448888
DIN1,3343.22300234282
135 ,3343.281804170074
136 ,3343.535795952739
131 ,3345.5818017531055
132 ,3345.771802734198
DIN1,3345.772998569846
135 ,3345.8318003971
136 ,3346.0157965827602
131 ,3348.2317974377293
134 ,3348.4248058456797
DIN1,3348.4260016813278
135 ,3348.4848035085815
136 ,3348.9667964685577
131 ,3350.8857963193077
132 ,3351.078804727258
DIN1,3351.0790047928094
135 ,3351.13880239016
136 ,3351.4578008610624
131 ,3353.5387994307894
133 ,3353.731797780456
DIN1,3353.733003674388
135 ,3353.7918055016416
136 ,3354.3578052479643
131 ,3355.9927993971723
132 ,3356.17879718131
DIN1,3356.1789972468614
135 ,3356.2388049024958
136 ,3356.7587980586904
131 ,3358.638801943125
132 ,3358.8318002927917
DIN1,3358.832000358343
135 ,3358.8917979556936
136 ,3359.098797436418
131 ,3361.291805054607
134 ,3361.4848034042734
DIN1,3361.4859992399215
135 ,3361.5448010671753
136 ,3361.7088013846296
131 ,3363.9458039361853
132 ,3364.138802285852
DIN1,3364.139002351403
135 ,3364.1987999487537
136 ,3365.439801063003
666 ,3366.508805524172
131 ,3369.5098051387686
132 ,3369.7017976600546
DIN1,3369.701997725606
135 ,3369.762801151337
136 ,3370.2797969389576
131 ,3372.1627981919664
133 ,3372.355796541633
DIN1,3372.3559966071844
135 ,3372.4158042628187
136 ,3372.9708002466577
131 ,3374.815801303448
132 ,3375.0087996531147
DIN1,3375.008999718666
135 ,3375.0687973160166
136 ,3375.6507997918743
131 ,3377.2688054997343
134 ,3377.455799053969
DIN1,3377.45599911952
135 ,3377.5157967168707
136 ,3378.0118008661884
131 ,3379.815804358186
132 ,3380.0058053392786
DIN1,3380.00600540483
135 ,3380.0658030021805
136 ,3380.5318032909054
131 ,3382.2658011276144
132 ,3382.4528047401327
DIN1,3382.453004805684
135 ,3382.5128024030346
136 ,3382.9318003315348
131 ,3384.7137962985653
132 ,3384.899804140987
DIN1,3384.900004206538
135 ,3384.9598018038887
136 ,3385.252799611153
131 ,3387.160805757703
DIN1,3387.3470036073923
132 ,3387.3477993119377
135 ,3387.4077969748396
136 ,3387.732800241174
131 ,3389.707804616155
133 ,3389.8978055972475
DIN1,3389.898005662799
135 ,3389.9578032601494
136 ,3390.3137960988897
131 ,3392.3578003007788
DIN1,3392.5500029459
132 ,3392.5507986504454
135 ,3392.6107963133472
136 ,3392.9837977100033
666 ,3394.9208018887657
131 ,3397.9238031018394
DIN1,3398.114004148483
134 ,3398.1147998530287
135 ,3398.1747975159305
136 ,3398.7457962293047
131 ,3400.5748046148437
133 ,3400.7678029645103
DIN1,3400.7680030300617
135 ,3400.827800627412
136 ,3401.6168025839943
131 ,3403.1288040388245
134 ,3403.3177991915363
DIN1,3403.3179992570876
135 ,3403.377796854438
136 ,3404.216798539819
131 ,3405.6788002658504
DIN1,3405.866999714017
132 ,3405.868801246943
135 ,3405.9287989098448
136 ,3406.6067976463455
131 ,3408.1287970352787
DIN1,3408.313999114871
132 ,3408.315800647797
135 ,3408.375798310699
136 ,3408.606796856584
131 ,3410.6757958937305
DIN1,3410.8640054001808
132 ,3410.865796874823
135 ,3410.9258045960087
136 ,3411.1577989119905
131 ,3413.1258027214426
DIN1,3413.3120005711316
132 ,3413.312796275677
135 ,3413.372803996863
136 ,3413.6377995420116
131 ,3415.772801037492
DIN1,3415.9650036826133
132 ,3415.9657993871588
135 ,3416.0257970500606
136 ,3416.1878058273214
131 ,3418.326800461473
DIN1,3418.5149999096393
132 ,3418.5158056724686
135 ,3418.5758033353704
136 ,3418.719797726335
131 ,3420.876796688499
DIN1,3421.0649961366653
132 ,3421.0658018994945
135 ,3421.1257995623964
136 ,3421.2897998798508
131 ,3423.4268029738087
DIN1,3423.615002421975
132 ,3423.616803954901
135 ,3423.676801617803
136 ,3423.8598020333666
131 ,3426.0767986584324
DIN1,3426.2690013035535
133 ,3426.269797008099
135 ,3426.3298047292847
136 ,3426.760802190365
131 ,3428.729801769914
DIN1,3428.922004415035
133 ,3428.9228001195806
135 ,3428.9827977824825
136 ,3429.340802277984
131 ,3431.1827959079164
DIN1,3431.3679979875087
132 ,3431.3697995204348
135 ,3431.4297971833366
136 ,3431.8918043333906
131 ,3433.8308000523466
DIN1,3434.0210010989904
132 ,3434.0228026319164
135 ,3434.0828002948183
136 ,3434.311797242226
131 ,3436.283804248633
DIN1,3436.4680004998445
132 ,3436.4707978028673
135 ,3436.530805524053
136 ,3436.752801905932
131 ,3438.8308031070846
DIN1,3439.019002555251
132 ,3439.020804088177
135 ,3439.080801751079
136 ,3439.282802264752
131 ,3441.4807987917084
DIN1,3441.6720056667327
132 ,3441.673797141375
135 ,3441.7338048625606
136 ,3441.963797580065
131 ,3444.0338024455923
DIN1,3444.2220018937587
134 ,3444.2238034266848
135 ,3444.2838010895866
136 ,3444.7937963116783
131 ,3446.584804500999
DIN1,3446.7719981207847
132 ,3446.7737996537107
135 ,3446.8337973166126
136 ,3447.0248041260857
131 ,3449.134800728025
DIN1,3449.3220044060945
134 ,3449.3237958807367
135 ,3449.3838036019224
136 ,3449.814801063003
131 ,3451.584797497453
DIN1,3451.7690038069486
132 ,3451.7718011099714
135 ,3451.8317987728733
136 ,3452.1057964820284
131 ,3454.131796355905
DIN1,3454.3190000339746
132 ,3454.3217973369974
135 ,3454.381805058183
136 ,3454.655802767338
131 ,3456.6818026412147
DIN1,3456.8689962610006
132 ,3456.871803622307
135 ,3456.931801285209
136 ,3457.24580078906
131 ,3459.2317988682407
DIN1,3459.4190025463104
132 ,3459.421799849333
135 ,3459.481797512235
136 ,3459.656801592173
131 ,3461.6828014660496
DIN1,3461.8660019471645
132 ,3461.8687992501873
135 ,3461.928796913089
136 ,3462.136802222194
131 ,3464.1298008669037
DIN1,3464.3130013480186
132 ,3464.3157986510414
135 ,3464.3757963139433
136 ,3464.5668031234163
137 ,3466.7758034128565
boundary,3471.554
130 ,3476.655430048201
131 ,3476.6584274167753
132 ,3476.6634364421107
135 ,3476.666433810685
DIN1,3476.6830051475763
136 ,3477.170434295628
131 ,3478.9664313937164
132 ,3479.14943180928
DIN1,3479.1560052120685
135 ,3479.209429472182
136 ,3479.380430355165
131 ,3481.609436571095
132 ,3481.8024349207617
DIN1,3481.8089982652664
135 ,3481.8624325836636
136 ,3482.0514277363754
131 ,3484.1624301666952
132 ,3484.3524311477877
DIN1,3484.360000320673
135 ,3484.4124288106896
136 ,3484.572435989473
131 ,3486.8124359096028
132 ,3487.0054342592694
DIN1,3487.0130034321546
135 ,3487.0654319221712
136 ,3487.2224316740967
131 ,3489.466434791181
132 ,3489.658427312467
DIN1,3489.6659964853525
135 ,3489.718435033653
136 ,3489.8524314905144
131 ,3492.119427844379
132 ,3492.3124362523295
DIN1,3492.318999596834
135 ,3492.3724339152313
136 ,3492.5134309376217
131 ,3494.672431498263
134 ,3494.8624324793554
DIN1,3494.869005882144
135 ,3494.9224301422573
136 ,3495.4134353245236
131 ,3497.3234330112673
133 ,3497.515435590837
DIN1,3497.5230047637224
135 ,3497.575433253739
136 ,3498.154428302739
666 ,3499.7864351416565
131 ,3502.7884305263497
132 ,3502.9764299089647
DIN1,3502.9830033117532
135 ,3503.0364275718666
136 ,3503.434433862064
131 ,3505.336435213182
132 ,3505.5264361942745
DIN1,3505.532999538779
135 ,3505.5864338571764
136 ,3505.7654310757853
131 ,3507.886431440208
132 ,3508.0764324213005
DIN1,3508.083005824089
135 ,3508.1364300842024
136 ,3508.285433500502
131 ,3510.5374329532124
133 ,3510.729435532782
DIN1,3510.7370047056675
135 ,3510.789433195684
136 ,3511.106430068109
131 ,3513.190436064694
132 ,3513.3834344143606
DIN1,3513.3890019887685
135 ,3513.4434320772625
136 ,3513.607432394717
131 ,3515.6434302026964
134 ,3515.8304338152147
DIN1,3515.8369971597194
135 ,3515.8904314781166
136 ,3516.3574275369383
131 ,3518.0904296035505
132 ,3518.277433216069
DIN1,3518.2830007904768
135 ,3518.3374308789707
136 ,3518.567433654759
131 ,3520.6374284620024
132 ,3520.827429443095
DIN1,3520.8340028458833
135 ,3520.8874371642805
136 ,3521.108427717779
131 ,3523.28743420491
132 ,3523.4804325545765
DIN1,3523.486995899081
135 ,3523.5404302174784
136 ,3523.7484355265833
666 ,3525.9504352504946
131 ,3528.9524306351877
132 ,3529.1474305833317
DIN1,3529.15400398612
135 ,3529.2074282462336
136 ,3529.419436752293
131 ,3531.408432200048
133 ,3531.594429984186
DIN1,3531.6010033869743
135 ,3531.6544276470877
136 ,3532.089428305123
131 ,3533.9554310585
132 ,3534.1454320395924
DIN1,3534.1509996140003
135 ,3534.2054297024943
136 ,3534.550428837035
131 ,3536.405427827928
132 ,3536.5924314404465
DIN1,3536.5979990148544
135 ,3536.6524291033484
136 ,3536.8804302806593
131 ,3538.852437287066
132 ,3539.0394308413006
DIN1,3539.0449984157085
135 ,3539.0994285042025
136 ,3539.321434944365
131 ,3541.4994356031157
134 ,3541.6924339527823
DIN1,3541.69800152719
135 ,3541.752431615684
136 ,3542.152429446075
131 ,3543.952429741118
132 ,3544.1394333536364
DIN1,3544.1450009280443
135 ,3544.1994310165383
136 ,3544.4324311609007
131 ,3546.5004344279505
132 ,3546.6894295806624
DIN1,3546.6949971550703
135 ,3546.749437301848
136 ,3546.9134275610186
131 ,3548.9504311973787
132 ,3549.1364289815165
DIN1,3549.1419965559244
135 ,3549.196436702702
136 ,3549.3634343887306
131 ,3551.4974300558306
134 ,3551.687431036923
DIN1,3551.692998611331
135 ,3551.747428699825
136 ,3552.2944283480383
666 ,3553.9574348176457
131 ,3556.959430202339
132 ,3557.1484354133345
DIN1,3557.152997159362
135 ,3557.2084330762364
136 ,3557.5144362444616
131 ,3559.4084312016703
133 ,3559.5954348141886
DIN1,3559.6010023885965
135 ,3559.6554324770905
136 ,3560.1054300362803
131 ,3561.8554306025244
132 ,3562.0424342150427
DIN1,3562.04699596107
135 ,3562.1024318779446
136 ,3562.276430129502
131 ,3564.3024300033785
132 ,3564.489433615897
DIN1,3564.494005420208
135 ,3564.5494312787987
136 ,3564.786434620116
666 ,3566.959436311815
131 ,3569.961431696508
134 ,3570.156431644652
DIN1,3570.161003448963
135 ,3570.216429307554
136 ,3570.737428292129
131 ,3572.517432718966
132 ,3572.706427871678
DIN1,3572.710999675989
135 ,3572.7664355928637
136 ,3573.1674291933514
131 ,3575.16742840359
132 ,3575.3594309831597
DIN1,3575.364002787471
135 ,3575.4194286460615
136 ,3575.658433585856
131 ,3577.620432599876
133 ,3577.8074362123944
DIN1,3577.8119979584217
135 ,3577.8674338752962
136 ,3578.208429812882
131 ,3580.167431458328
133 ,3580.3574324394203
DIN1,3580.3620042437315
135 ,3580.417430102322
136 ,3580.798427834604
131 ,3582.8174372012354
132 ,3583.010435550902
DIN1,3583.0140015268325
135 ,3583.070433213804
136 ,3583.579432665799
131 ,3585.270431339238
132 ,3585.457434951756
DIN1,3585.4619966977834
135 ,3585.517432614658
136 ,3585.8194325859286
131 ,3587.7184365684725
132 ,3587.90443435261
DIN1,3587.9089960986375
135 ,3587.964432015512
136 ,3588.199433758352
131 ,3590.2654354269243
134 ,3590.454430579636
DIN1,3590.4590023839473
135 ,3590.514428242538
136 ,3591.019434555862
131 ,3592.915431111548
132 ,3593.1084294612147
DIN1,3593.112005495429
135 ,3593.1684371824003
136 ,3593.540432750676
131 ,3595.468434765432
134 ,3595.6584357465244
DIN1,3595.662001722455
135 ,3595.7184334094263
136 ,3596.350435614083
131 ,3598.1184304500557
132 ,3598.3114287997223
DIN1,3598.3150048339367
135 ,3598.371436520908
136 ,3598.6214351649023
131 ,3600.6714341039396
132 ,3600.861435085032
DIN1,3600.8650010609626
135 ,3600.921432747934
136 ,3601.1014357949234
666 ,3603.131428807471
131 ,3606.133434250448
132 ,3606.3224294031597
DIN1,3606.326005437374
135 ,3606.3824371243454
136 ,3606.6324357683397
131 ,3608.5824352497793
132 ,3608.769428804014
DIN1,3608.773004838228
135 ,3608.8294365251995
136 ,3609.0734303737618
131 ,3611.130429878328
133 ,3611.3194350893236
DIN1,3611.323996835351
135 ,3611.3794327522255
136 ,3611.9334329659678
666 ,3613.789427726958
131 ,3616.7924289400316
132 ,3616.986433118079
DIN1,3616.9899990940094
135 ,3617.0464307809807
136 ,3617.444437071178
131 ,3619.247434734795
132 ,3619.4344282890297
DIN1,3619.4369984948635
135 ,3619.4944360102154
136 ,3619.72442872772
131 ,3621.894433050845
132 ,3622.0874314005114
DIN1,3622.090001606345
135 ,3622.1474290634133
136 ,3622.395436167214
131 ,3624.347437247131
132 ,3624.5344308013655
DIN1,3624.5370010071993
135 ,3624.5944284642674
136 ,3624.875436797235
131 ,3626.794436647985
134 ,3626.9814302022196
DIN1,3626.98499617815
135 ,3627.0414278651215
136 ,3627.5654342765547
131 ,3629.241436048839
133 ,3629.4284296030737
DIN1,3629.432005637288
135 ,3629.4884373242594
136 ,3629.896431490276
131 ,3631.789430677388
132 ,3631.9784358883835
DIN1,3631.9809960359335
135 ,3632.0384335512854
136 ,3632.366434186194
131 ,3634.3394369626976
133 ,3634.5284321154095
DIN1,3634.53199809134
135 ,3634.5884297783114
136 ,3635.0274336333014
131 ,3636.8894331897236
133 ,3637.079434170816
DIN1,3637.08200437665
135 ,3637.139431833718
136 ,3637.5274301315285
131 ,3639.339429959152
132 ,3639.52643357167
DIN1,3639.529003777504
135 ,3639.586431234572
136 ,3640.098428055141
131 ,3641.9864282752014
132 ,3642.179436683152
DIN1,3642.181996830702
135 ,3642.2394343460537
136 ,3642.4484354252554
131 ,3644.639431386683
132 ,3644.8324297363497
DIN1,3644.8349999421835
135 ,3644.8924273992516
136 ,3645.188432633374
131 ,3647.193430810664
134 ,3647.3824360216595
DIN1,3647.3849961692094
135 ,3647.4424336845614
136 ,3647.949431538079
131 ,3649.7434370959736
132 ,3649.9324322486855
DIN1,3649.9350024545192
135 ,3649.993435739968
136 ,3650.449428036306
666 ,3652.3034312571026
131 ,3655.3054367000796
132 ,3655.496433451269
DIN1,3655.4990036571025
135 ,3655.5564311141707
136 ,3655.8104329551197
131 ,3657.857434525583
134 ,3658.0474355066754
DIN1,3658.0489998841285
135 ,3658.1074331695772
136 ,3658.6704355473257
131 ,3660.307431295011
132 ,3660.4944349075295
DIN1,3660.4959992849826
135 ,3660.5544325704313
136 ,3661.071428358052
131 ,3662.7544306958653
132 ,3662.9414343083836
DIN1,3662.9429986858368
135 ,3663.0014319712855
136 ,3663.211428820584
131 ,3665.401429011915
134 ,3665.5944273615814
DIN1,3665.5960017973184
135 ,3665.654435082767
136 ,3666.2714303279854
131 ,3667.855428978298
132 ,3668.0414368207194
DIN1,3668.0430011981725
135 ,3668.1014344836212
136 ,3668.462436347697
131 ,3670.4024278367497
132 ,3670.5914330477453
DIN1,3670.5929974251985
135 ,3670.651430710647
136 ,3670.963428616021
131 ,3673.052433579657
133 ,3673.245431929324
DIN1,3673.246996306777
135 ,3673.3054295922257
136 ,3673.773431479428
131 ,3675.5054277176596
132 ,3675.692431330178
DIN1,3675.6929999375343
135 ,3675.75242899308
136 ,3675.9934355313517
131 ,3677.9524371767975
132 ,3678.139430731032
DIN1,3678.141005166769
135 ,3678.199428393934
136 ,3678.4344301367737
131 ,3680.599435492847
134 ,3680.7924338425137
DIN1,3680.793998219967
135 ,3680.8524315054156
136 ,3681.3444324577786
131 ,3683.252428546045
132 ,3683.4454369539953
DIN1,3683.4470013314485
135 ,3683.505434616897
136 ,3683.915430381391
131 ,3685.706428512428
132 ,3685.8924363548495
DIN1,3685.8940007323026
135 ,3685.9524340177513
136 ,3686.195432096217
131 ,3688.2534273708798
132 ,3688.443428351972
DIN1,3688.4439969593286
135 ,3688.503436073158
136 ,3688.7464341516234
131 ,3690.8034336561896
132 ,3690.993434637282
DIN1,3690.9940032446384
135 ,3691.053432300184
136 ,3691.376433968041
131 ,3693.3534298832155
133 ,3693.543430864308
DIN1,3693.545005300045
135 ,3693.60342852721
136 ,3694.1264291102625
131 ,3695.8034367109276
133 ,3695.990430265162
DIN1,3695.992004700899
135 ,3696.050427928064
136 ,3696.4174345875717
131 ,3698.2504361117817
132 ,3698.437429666016
DIN1,3698.4379982733726
135 ,3698.497427328918
136 ,3698.7374280388094
666 ,3700.8074329043366
131 ,3703.8094282890297
133 ,3704.0014308685995
DIN1,3704.0030053043365
135 ,3704.0614285315014
136 ,3704.608428179715
131 ,3706.4624314005114
132 ,3706.654433980081
DIN1,3706.6550025874376
135 ,3706.714431642983
136 ,3707.088428809736
131 ,3709.0154350543953
DIN1,3709.2049988144636
132 ,3709.2054360354878
135 ,3709.2654336983896
136 ,3709.608431234453
131 ,3711.5654312814213
DIN1,3711.7550050997734
132 ,3711.7554322625138
135 ,3711.8154299254156
136 ,3712.0594338322617
131 ,3714.1154275084473
134 ,3714.3054284895397
DIN1,3714.305997096896
135 ,3714.3654362107254
136 ,3714.849430769179
131 ,3716.665433793757
132 ,3716.8554347748495
DIN1,3716.856003382206
135 ,3716.9154324377514
136 ,3717.1604321146942
131 ,3719.315429478381
132 ,3719.5084278280474
DIN1,3719.508996435404
135 ,3719.568435549233
136 ,3719.8804334546066
131 ,3721.9694283599592
132 ,3722.161430939529
DIN1,3722.1619995468855
135 ,3722.221428602431
136 ,3722.4204317475296
131 ,3724.622431471441
DIN1,3724.815002658367
134 ,3724.8154298211075
135 ,3724.8754274840094
136 ,3725.520435049627
666 ,3727.08543360183
131 ,3730.0864332164265
DIN1,3730.2759969764948
132 ,3730.276434197519
135 ,3730.336431860421
136 ,3730.7214327896572
131 ,3732.6364294434525
DIN1,3732.8260032618045
134 ,3732.826430424545
135 ,3732.886428087447
136 ,3733.4814359242655
131 ,3735.1864357287623
133 ,3735.3764367098547
DIN1,3735.377005317211
135 ,3735.4364343727566
136 ,3735.9624323243834
131 ,3737.7364319557882
DIN1,3737.9260057741403
132 ,3737.9264329368807
135 ,3737.9864305997826
136 ,3738.2734336698986
131 ,3740.3874334687926
DIN1,3740.578998827338
134 ,3740.5794360483624
135 ,3740.6394337112642
136 ,3741.323437243197
131 ,3743.040436580274
DIN1,3743.2329977089166
133 ,3743.233434929941
135 ,3743.292436822746
136 ,3744.084436147902
666 ,3745.6034281099774
131 ,3748.6044277245737
DIN1,3748.796003141403
132 ,3748.797436132524
135 ,3748.857433795426
136 ,3749.4544331724383
131 ,3751.2574308360554
DIN1,3751.448996194601
132 ,3751.450429185722
135 ,3751.5104369069077
136 ,3751.905435770247
131 ,3753.910433947537
DIN1,3754.1019993060827
132 ,3754.1034322972037
135 ,3754.1634299601055
136 ,3754.415430202577
131 ,3756.3634280855395
DIN1,3756.548998706937
132 ,3756.5504316980578
135 ,3756.6104293609596
136 ,3756.916432529185
131 ,3758.811433314774
DIN1,3758.995998107791
132 ,3758.997431098912
135 ,3759.0574287618138
136 ,3759.267435669396
131 ,3761.358432173226
DIN1,3761.5460043931007
132 ,3761.547427325938
135 ,3761.6074350471235
136 ,3761.847435757015
131 ,3763.908428400252
DIN1,3764.0969963902235
132 ,3764.0984293813444
135 ,3764.15843710253
136 ,3764.3284321571327
131 ,3766.5584341431595
DIN1,3766.749999501705
132 ,3766.751432492826
135 ,3766.811430155728
136 ,3766.9984337682463
131 ,3769.1114277387596
DIN1,3769.300005787015
134 ,3769.301428719852
135 ,3769.3614364410378
136 ,3769.869430064652
131 ,3771.5614345664717
DIN1,3771.748000957966
133 ,3771.748428120706
135 ,3771.808435841892
136 ,3772.1394338453747
131 ,3774.2084328825213
DIN1,3774.399998241067
132 ,3774.401431232188
135 ,3774.4614288950897
136 ,3774.6704299742914
131 ,3776.8624317640997
DIN1,3777.0530013525486
132 ,3777.0544343436695
135 ,3777.1144320065714
136 ,3777.280433922503
131 ,3779.315435960386
DIN1,3779.5000007534027
132 ,3779.5024295146204
135 ,3779.562437235806
136 ,3779.760434552524
131 ,3781.76243536124
DIN1,3781.947000154257
132 ,3781.9494289154745
135 ,3782.00943663666
136 ,3782.351428344343
131 ,3784.4094336772896
DIN1,3784.6009990358352
133 ,3784.602432026956
135 ,3784.662429689858
136 ,3785.5714370305277
131 ,3786.9624373311735
DIN1,3787.1499994927644
132 ,3787.152428253982
135 ,3787.212435975168
136 ,3787.6924273366667
131 ,3789.613428785894
DIN1,3789.803998374343
132 ,3789.805431365464
135 ,3789.8654290283657
136 ,3790.3624289477802
131 ,3792.2664318973757
DIN1,3792.4570014858245
132 ,3792.4584344769455
135 ,3792.5184321398474
136 ,3792.6924303914047
131 ,3794.719436093662
DIN1,3794.9040008866787
134 ,3794.9064296478964
135 ,3794.9664273107983
136 ,3795.42242966542
131 ,3797.2664349521137
DIN1,3797.4539971137046
132 ,3797.456435933206
135 ,3797.516433596108
136 ,3797.7734328056313
131 ,3799.716431721542
DIN1,3799.9009965145588
132 ,3799.9034353340603
135 ,3799.963432996962
136 ,3800.5334359402395
131 ,3802.3634300375916
DIN1,3802.5539996260404
132 ,3802.556428387258
135 ,3802.616436108444
136 ,3803.313434943054
131 ,3804.8164342338778
DIN1,3805.0009990268945
132 ,3805.0034277881123
135 ,3805.063435509298
136 ,3805.304431989286
131 ,3807.2644294048287
DIN1,3807.4479984277486
132 ,3807.45043724725
135 ,3807.510434910152
136 ,3807.7444308246113
131 ,3809.9114277208782
DIN1,3810.1010015392303
132 ,3810.1044361288286
135 ,3810.1644337917305
136 ,3810.3454326088167
137 ,3812.56443083236
